,rw,sent,区,单元号,小区名,市,建筑物名称,户室号,村居委会,栋号,楼号,楼层,省,社区,组团名称,自然村组,街路巷名,门牌号
0,,,,,,,,,,,,,,,,,,
1,0,-花溪大道北段814号电建一公司A18-5-8-16号--,,,,,,16号,,,,,,,,,花溪大道北段,814号
2,0,-花果园C区1栋1202室--,,,花果园C区,,,1202室,,1栋,,,,,,,,
3,0,-观府壹号一组团44栋1-10-3--,,,观府壹号,,,,,44栋,,,,,一组团,,,1
4,0,-万科大都会8栋27-02--,,,万科大都会,,,,,8栋,,,,,,,,27
5,0,-二桥后冲贵8号贝地-卢加诺住宅小区43-1-8-1号--,,,,,,8号,,,,,,,,,,1
6,0,-金波路120号2栋3-13号--,,,,,,13号,,2栋,,,,,,,金波路,120号
7,0,-花果园项目v区7-1-104--,,,,,,104,,,,,,,,,花果园,7
8,0,-红岩路52号一组团H1-1--,,,,,,52号,,,,,,,一组团,,红岩路,1
9,0,-花果园R1区10栋2-4202--,,,,,,4202,,10栋,,,,,1区,,花果园,2
10,0,-贵乌北路184号3-3-5--,,,,,,184号,,,,,,,,,贵乌北路,3
11,0,-凤凰路45号商住楼C栋2单元8楼1室--,,2单元,,,,1室,,C栋,,8楼,,,,,凤凰路,45号
12,0,-东新区路23-53号29-1-5-1--,,,,,,53号,,,,,,,,,东新区路,29
13,0,-清水江路西工厂宿舍205-3-2--,,,西工厂宿舍,,,205,,,,,,,,,清水江路,3
14,0,-小河翁岩公租房-一号地块-2-12-1--,,,,,,,,,,,,,,,,2
15,0,-玉厂路39号3栋1-14--,,,,,,39号,,3栋,,,,,,,玉厂路,1
16,0,-百花山路金狮小区巫峰组团入口高层1号楼1-2-2号--,,,金狮小区,,,2号,,1号楼,,,,,巫峰组团,,百花山路,1
17,0,-盐务街130号1-9--,,,,,,130号,,,,,,,,,盐务街,1
18,0,-大理石巷8号2-4-3--,,,,,,8号,,,,,,,,,大理石巷,2
19,0,-白果巷27号2单元-4--,,2单元,,,,27号,,,,,,,,,白果巷,4
20,0,-未来方舟H2组团7-1-8-1--,,,未来方舟,,,,,,,,,,H2组团,,,7
21,0,-金阳石林路300号A区40-1-101号--,,,,,,101号,,,,,,,A区,,石林路,300号
22,0,-六砂老宿舍区61-308--,,,,,,308,,,,,,,,,,61
23,0,-花果园L1区3栋-1-3301--,,,,,,3301,,3栋,,,,,1区,,花果园,1
24,0,-市北路148号保利云山国际14-3-23-6号--,,,云山国际,,,6号,,,,,,,,,市北路,14
25,0,-金波路120号4栋4-32号--,,,,,,32号,,4栋,,,,,,,金波路,120号
26,0,-通衢街1栋4-6-12--,,,,,,,,1栋,,,,,,,通衢街,4
27,0,-金顶山50栋27-8-1--,,,,,,,,50栋,,,,,,,,27
28,0,-花果园项目一期1栋3单元3008室--,,3单元,,,,3008室,,1栋,,,,,一期,,花果园,
29,0,-盐务街144号1-6--,,,,,,144号,,,,,,,,,盐务街,1
30,0,-百花组团28栋1单元1-1--,,1单元,,,,,,28栋,,,,,百花组团,,,1
31,0,-保利溪湖5-2-28-2--,,,,,,,,,,,,,,,,5
32,0,-花果园S区5栋1单元3305--,,1单元,花果园S区,,,,,5栋,,,,,,,,3305
33,0,-清溪路209号明秀商贸城11-1-4-4--,,,,,,209号,,,,,,,,,清溪路,11
34,0,-小河清水江路211号多伦多E-7-2-1号--,,,多伦多,,,1号,,,,,,,,,清水江路,211号
35,0,-花果园项目V区9-2-2804--,,,,,,2804,,,,,,,,,花果园,9
36,0,-改茶路78号C3-32-1--,,,,,,78号,,,,,,,,,改茶路,32
37,0,-西湖路26号1栋2单元4-1--,,2单元,,,,26号,,1栋,,,,,,,西湖路,4
38,0,-金阳长岭南路25号2期5-1-16-2号--,,,,,,2号,,,,,,,2期,,长岭南路,5
39,0,-花果园项目V区18-3-4106--,,,,,,4106,,,,,,,,,花果园,18
40,0,-宅吉路106号2-5-502--,,,,,,502,,,,,,,,,宅吉路,106号
41,0,-城市魔方五组团26栋2单元18-7--,,2单元,城市魔方,,,,,26栋,,,,,五组团,,,18
42,0,-花果园一期20栋1单元1202--,,1单元,,,,,,20栋,,,,,一期,,花果园,1202
43,0,-茶园村小康新苑13栋2-4-2号--,,,小康新苑,,,2号,茶园村,13栋,,,,,,,,2
44,0,-高新区长岭南路33号2栋-6-4号--,,,,,,4号,,2栋,,,,,,,,33号
45,0,-花果园J区14栋1-3803--,,,花果园J区,,,3803,,14栋,,,,,,,,1
46,0,-南明食品工业园G9-1-13-9--,,,,,,,,,,,,,,,,1
47,0,-八鸽岩路73号9栋2单元1楼2室--,,2单元,,,,2室,,9栋,,1楼,,,,,八鸽岩路,73号
48,0,-花溪大学城C2-26-1号--,,,,,,1号,,,,,,,,,,26
49,0,-小河翁岩公租房-一号地块-3-15-9--,,,,,,,,,,,,,,,,3
50,0,-南岳路21号4栋2-3-5号--,,,,,,5号,,4栋,,,,,,,南岳路,21号
51,0,-万江小区8-2-5-5-2--,,,万江小区,,,,,,,,,,,,,2
52,0,-龙井安置区11栋3单元301--,,3单元,,,,,,11栋,,,,,,,,301
53,0,--大兴星城-比华利B7栋4-1-2--,,,比华利,,,,,B7栋,,,,,,,,4
54,0,-金竹片区金苑小区A1栋1-1号门面--,,,金苑小区,,,1号,,A1栋,,,,,,,,1
55,0,-金阳诚信路路口--,,,,,,,,,,,,,,,诚信路,
56,0,-东山路渔安新城G3-2-604号--,,,渔安新城,,,604号,,,,,,,,,东山路,2
57,0,-登高路百花巷23-1-3-1--,,,,,,,,,,,,,,,百花巷,23
58,0,-花果园T1区10栋1单元908--,,1单元,,,,,,10栋,,,,,1区,,花果园,908
59,0,-林城东路大关安置房10栋2-27-2--,,,,,,,,10栋,,,,,,,林城东路,2
60,0,-金阳新区长岭北路会展城A区A3组团10-24-3号--,金阳新区,,会展城A区,,,3号,,,,,,,A3组团,,长岭北路,10
61,0,-大庆路84号众拓馨苑P栋2-1-2--,,,众拓馨苑,,,84号,,P栋,,,,,,,大庆路,2
62,0,-箭道南巷4号2-3-15--,,,,,,4号,,,,,,,,,箭道南巷,2
63,0,-锦溪园小区D栋1单元本土味--,,1单元,锦溪园,,,,,D栋,,,,,,,,
64,0,-下麦村绿洲湾小区11-3-201号--,,,绿洲湾,,,201号,下麦村,,,,,,,,,11
65,0,-瑞金南路63号9层A3号--,,,,,,3号,,,,9层,,,,,瑞金南路,63号
66,0,-延安中路58号供水公司宿舍3-1-6-12--,,,,,,58号,,,,,,,,,延安中路,3
67,0,-保利溪湖5-1-22-3--,,,,,,,,,,,,,,,,5
68,0,-金波路120号7栋2-3-9号--,,,,,,9号,,7栋,,,,,,,金波路,120号
69,0,-三桥南路9号筑城康家楠荞苑2-1-1-3号--,,,康家楠荞,,,3号,,,,,,,,,三桥南路,2
70,0,-花果园X区1栋2-3205--,,,花果园X区,,,3205,,1栋,,,,,,,,2
71,0,-花果园项目v区18-3-805--,,,,,,805,,,,,,,,,花果园,18
72,0,-豆腐巷54号1单元3-5--,,1单元,,,,54号,,,,,,,,,豆腐巷,3
73,0,-花果园T2区2-3-705--,,,,,,705,,,,,,,2区,,花果园,2
74,0,-花溪大道726号23栋1-3--,,,,,,726号,,23栋,,,,,,,花溪大道,1
75,0,-永安寺街9号梦想典城A栋2-2-4--,,,梦想典城,,,9号,,A栋,,,,,,,永安寺街,2
76,0,-甘荫塘什锦巷10号1-2-3-2--,,,,,,10号,,,,,,,,,,1
77,0,-朝阳洞路29号泌苑商务公寓201--,,,,,,201,,,,,,,,,朝阳洞路,29号
78,0,-花果园X区7栋1-1202--,,,花果园X区,,,1202,,7栋,,,,,,,,1
79,0,-帝景传说D5栋3单元201室--,,3单元,帝景传说,,,201室,,D5栋,,,,,,,,
80,0,-甲秀北路235号7-A06-1-8-16--,,,,,,235号,,,,,,,,,甲秀北路,06
81,0,-二桥后冲贵8号贝地-卢加诺住宅小区44-2-13-2号--,,,,,,8号,,,,,,,,,,2
82,0,-花果园项目T2区5-2-1508--,,,,,,1508,,,,,,,2区,,花果园,5
83,0,-公园北路金沙花园5栋4-2--,,,金沙花园,,,,,5栋,,,,,,,公园北路,4
84,0,-向阳路29号1栋3-11--,,,,,,29号,,1栋,,,,,,,向阳路,3
85,0,-贵定路27号--,,,,,,,,,,,,,,,贵定路,27号
86,0,-小河区长江路方源小区3-1-301号--,小河区,,方源小区,,,301号,,,,,,,,,长江路,3
87,0,-党武乡大坝井村拆迁安置点4栋1-4-2--,,,,,,,大坝井村,4栋,,,,党武乡,,,,1
88,0,-北新区路147号7-22--,,,,,,147号,,,,,,,,,北新区路,7
89,0,-万江小区14-4-1--,,,万江小区,,,,,,,,,,,,,14
90,0,-花果园W区1栋1-1603--,,,花果园W区,,,1603,,1栋,,,,,,,,1
91,0,-花果园A南3-1202号--,,,,,,1202号,,,,,,,,,花果园,3
92,0,-民生路10号2-3-7-1--,,,,,,10号,,,,,,,,,民生路,2
93,0,-永乐路永秀巷15号3栋2-602--,,,,,,602,,3栋,,,,,,,永乐路,15号
94,0,-栖霞小区33栋2-1--,,,栖霞小区,,,,,33栋,,,,,,,,2
95,0,-北京路191号4单元5楼10室--,,4单元,,,,10室,,,,5楼,,,,,北京路,191号
96,0,-科开1号苑27-2--,,,,,,1号,,,,,,,,,,27
97,0,-观山湖区金朱东路399号9-2-7-3号--,观山湖区,,,,,3号,,,,,,,,,金朱东路,9
98,0,-金阳南路7号A17-4-4-2--,,,,,,7号,,,,,,,,,金阳南路,17
99,0,-花果园一期11栋2-2008号--,,,,,,2008号,,11栋,,,,,一期,,花果园,2
100,0,-黎苏路44号3-2-7--,,,,,,44号,,,,,,,,,黎苏路,3
101,0,-甘荫塘上坝路1-3-3-2--,,,,,,,,,,,,,,,上坝路,1
102,0,-孟关汽贸城农民新村安置房6栋15层4号--,,,,,,,农民新村,6栋,,15层,,,,,,4号
103,0,-乌金路16号B栋1层8号门面--,,,,,,8号,,B栋,,1层,,,,,乌金路,16号
104,0,-中坝路保障房C2-16-7--,,,,,,,,,,,,,,,中坝路,16
105,0,-英烈路24号平房--,,,,,,,,,,,,,,,英烈路,24号
106,0,-花果园W区4栋3单元2702--,,3单元,花果园W区,,,,,4栋,,,,,,,,2702
107,0,-山水黔城10组团2栋1-1904--,,,山水黔城,,,1904,,2栋,,,,,10组团,,,1
108,0,-富源北路35号3栋-43--,,,,,,35号,,3栋,,,,,,,富源北路,43
109,0,-吉林村石灰窑贵大安置房A1-4-4--,,,,,,,吉林村,,,,,,,石灰窑,,4
110,0,-南厂路165号C痤7栋4-15--,,,,,,165号,,7栋,,,,,,,南厂路,4
111,0,-盐务街136号3栋1单元--,,1单元,,,,,,3栋,,,,,,,盐务街,136号
112,0,-铁运巷73号2栋2单元8-29--,,2单元,,,,73号,,2栋,,,,,,,铁运巷,8
113,0,-黔灵西路团结巷3号2-17--,,,,,,3号,,,,,,,,,黔灵西路,2
114,0,-万科大都会21栋3201--,,,万科大都会,,,,,21栋,,,,,,,,3201
115,0,-金阳碧海红湖12栋2-6-2--,,,,,,,,12栋,,,,,碧海红湖,,,2
116,0,-中天世纪新城三组团F4-1-5-4号--,,,中天世纪新城,,,4号,,,,,,,三组团,,,1
117,0,-中天会展城B8-1-12-4--,,,中天会展城,,,,,,,,,,,,,1
118,0,-绿苑小区天源居16栋1-17-2号--,,,绿苑小区,,,2号,,16栋,,,,,天源居,,,1
119,0,-美林谷4号楼4-1-17-1号--,,,美林谷,,,1号,,4号楼,,,,,,,,4
120,0,-五柳街8-五柳小区E栋2-5-2--,,,五柳小区,,,,,E栋,,,,,,,五柳街,8
121,0,-金世旗小区21栋1单元4-1--,,1单元,金世旗小区,,,,,21栋,,,,,,,,4
122,0,-花果园L2区10-2-3201--,,,,,,3201,,,,,,,2区,,花果园,10
123,0,-瑞花巷32号付24--,,,,,,32号,,,,,,,,,瑞花巷,24
124,0,-珠江路208-兴隆珠江湾畔B1-1-1-3号--,,,兴隆珠江湾畔,,,3号,,,,,,,,,珠江路,208
125,0,-金阳新区阳关108户安置房4-1-5-4号--,金阳新区,,,,,4号,,,,,,,,,,108
126,0,-保利B区2栋13-1--,,,,,,,,2栋,,,,,B区,,,13
127,0,-上板幸福小区3-3-4--,,,幸福小区,,,,,,,,,,,,,3
128,0,-会展城B区B7组团-6-12-2--,,,会展城,,,,,,,,,,B区,,,6
129,0,-花果园S1区8栋2-1703--,,,,,,1703,,8栋,,,,,1区,,花果园,2
130,0,-一鸣宽城国际小区4栋1-16-1号--,,,一鸣宽城国际,,,1号,,4栋,,,,,,,,1
131,0,-贵阳市云岩区扶风路西瓜村2栋4-1号--,云岩区,,,贵阳市,,1号,西瓜村,2栋,,,,,,,扶风路,4
132,0,-凤凰村商住楼428-1-1-4--,,,,,,428,凤凰村,,,,,,,,,1
133,0,-朝阳村12栋2单元242室302--,,2单元,,,,242室,朝阳村,12栋,,,,,,,,302
134,0,-金狮小区二期顺海组团7-2-4-1号--,,,金狮小区,,,1号,,,,,,,二期,,,7
135,0,-花果园R1区9栋2431--,,,,,,,,9栋,,,,,1区,,花果园,2431
136,0,-平安巷26-2-6-1--,,,,,,,,,,,,,,,平安巷,26
137,0,-玉厂路新世纪房开化司1栋1单元7-3--,,1单元,,,,,,1栋,,,,,,,玉厂路,7
138,0,-花果园S区3栋1单元1807--,,1单元,花果园S区,,,,,3栋,,,,,,,,1807
139,0,-博士花园5栋2单元3-3--,,2单元,博士花园,,,,,5栋,,,,,,,,3
140,0,-文化路安置房A单元8楼--,,A单元,,,,,,,,8楼,,,,,文化路,
141,0,-宝山北路180号-吟峰苑-2号楼1-29-9号--,,,吟峰苑,,,9号,,2号楼,,,,,,,宝山北路,180号
142,0,-金马街61栋2单元附2号--,,2单元,,,,附2号,,61栋,,,,,,,金马街,
143,0,-龙泉巷7号1-4-13--,,,,,,7号,,,,,,,,,龙泉巷,1
144,0,-金阳街21号36栋2-6-11--,,,,,,21号,,36栋,,,,,,,金阳街,2
145,0,-沙河街105号7-4-18--,,,,,,105号,,,,,,,,,沙河街,7
146,0,-山水黔城三组团3号楼1501--,,,山水黔城,,,,,3号楼,,,,,三组团,,,1501
147,0,-金阳新区阳关108户安置5-2-4-4号--,金阳新区,,,,,4号,,,,,,,,,,108
148,0,-向阳路31号7-2-2-4--,,,,,,31号,,,,,,,,,向阳路,7
149,0,-二桥路42号C栋3-3-2--,,,,,,42号,,C栋,,,,,,,二桥路,3
150,0,-航天新村逸悠园C栋502--,,,,,,,新村,C栋,,,,,,,,502
151,0,-乌金路2002-22号地58栋1单元6-7--,,1单元,,,,22号,,58栋,,,,,,,乌金路,2002
152,0,-花果园M区-14栋-2-3508--,,,花果园M区,,,3508,,14栋,,,,,,,,2
153,0,-瑞金北路37号2单元3楼2室--,,2单元,,,,2室,,,,3楼,,,,,瑞金北路,37号
154,0,-黔灵山路146号观山小区23-17-2--,,,观山小区,,,146号,,,,,,,,,黔灵山路,23
155,0,-燕山雅筑1-8-1--,,,燕山雅筑,,,,,,,,,,,,,1
156,0,-改荣路贵阳恒大名都7号楼1603号--,,,贵阳恒大名都,,,,,7号楼,,,,,,,,1603号
157,0,-花果园项目Q区7栋-3-1804--,,,,,,1804,,7栋,,,,,,,花果园,3
158,0,-金阳长岭南路25号远大生态风景3-3-15-2号--,,,远大生态风景,,,2号,,,,,,,,,长岭南路,3
159,0,-景怡东苑1-4-201--,,,,,,201,,,,,,,,,,1
160,0,-花果园项目S区7-2-2207--,,,,,,2207,,,,,,,,,花果园,7
161,0,-金阳上寨村拆迁安置房D7-2-6-2号--,,,,,,2号,上寨村,,,,,,,,,2
162,0,-花果园R1区8栋2-702--,,,,,,702,,8栋,,,,,1区,,花果园,2
163,0,-花果园项目v区2-1-4207--,,,,,,4207,,,,,,,,,花果园,2
164,0,-栖霞小区1-1-8-2--,,,栖霞小区,,,,,,,,,,,,,1
165,0,-颐和花园天和苑1单元1101--,,1单元,颐和花园,,,,,,,,,,,,,1101
166,0,-蓑草路77号25栋1单元-7--,,1单元,,,,77号,,25栋,,,,,,,蓑草路,7
167,0,-观山湖区观府壹号二组团3栋1-22-3号--,观山湖区,,观府壹号,,,3号,,3栋,,,,,二组团,,,1
168,0,-国际城H4组团1号楼2701--,,,国际城,,,,,1号楼,,,,,H4组团,,,2701
169,0,-长岭北路中天会展城A10-3-2002号--,,,中天会展城,,,2002号,,,,,,,,,长岭北路,10
170,0,-花果园项目V区1-3-3801--,,,,,,3801,,,,,,,,,花果园,1
171,0,-观府壹号二组团9栋1-20-4--,,,观府壹号,,,,,9栋,,,,,二组团,,,1
172,0,-富源路棚户区B区11-6-1--,,,,,,,,,,,,,B区,,富源路,11
173,0,-优山美诗22栋2-8-1号--,,,优山美诗,,,1号,,22栋,,,,,,,,2
174,0,-花果园X区6-1-2801--,,,花果园X区,,,2801,,,,,,,,,,6
175,0,-小河浦江路-紫竹苑-5-3-4-3--,,,紫竹苑,,,,,,,,,,,,河浦江路,5
176,0,-上板幸福小区8-8-4--,,,幸福小区,,,,,,,,,,,,,8
177,0,-贵信花园58号3-3-2--,,,贵信花园,,,58号,,,,,,,,,,3
178,0,-观山湖区观府壹号二组团3栋1-19-2号--,观山湖区,,观府壹号,,,2号,,3栋,,,,,二组团,,,1
179,0,-宝山南路312号乙栋3-7--,,,,,,312号,,乙栋,,,,,,,宝山南路,3
180,0,-花溪大道北段368号A栋3-8-3--,,,,,,368号,,A栋,,,,,,,花溪大道北段,3
181,0,-保利溪湖36-1--,,,,,,,,,,,,,,,,36
182,0,-花果园一期12栋2-2003--,,,,,,2003,,12栋,,,,,一期,,花果园,2
183,0,-未来方舟F7组团1栋1单元26-27--,,1单元,未来方舟,,,,,1栋,,,,,F7组团,,,26
184,0,-南明区电建巷33号1-1-1号--,南明区,,,,,1号,,,,,,,,,电建巷,33号
185,0,-花果园T2区4-1-3401--,,,,,,3401,,,,,,,2区,,花果园,4
186,0,-南明区青云路1号2-8-3号--,南明区,,,,,3号,,,,,,,,,青云路,1号
187,0,-金阳新区西南路碧波巷1-1-2-2--,金阳新区,,,,,,,,,,,,,,,1
188,0,-云谭南路B31-3--,,,,,,,,,,,,,,,云谭南路,31
189,0,-飞山横街3号-原19号-2-22--,,,,,,19号,,,,,,,,,飞山横街,3号
190,0,-花果园L1区6栋3-303--,,,,,,303,,6栋,,,,,1区,,花果园,3
191,0,-宝安小区B4栋-2-8-2--,,,宝安小区,,,,,B4栋,,,,,,,,2
192,0,-花果园一期15栋3510--,,,,,,,,15栋,,,,,一期,,花果园,3510
193,0,-青山小区9栋3单元9-5--,,3单元,青山小区,,,,,9栋,,,,,,,,9
194,0,-东山路支路渔安新城D组团D4栋1-1703--,,,渔安新城,,,1703,,D4栋,,,,,D组团,,东山路,1
195,0,-清水江路71号三江小区4-2-8--,,,三江小区,,,71号,,,,,,,,,清水江路,4
196,0,-新添大道南段249号2栋1-5-2--,,,,,,249号,,2栋,,,,,,,新添大道南段,1
197,0,-4号楼2单元--,,2单元,,,,,,4号楼,,,,,,,,
198,0,-保利凤凰湾A4-1-2301--,,,凤凰湾,,,2301,,,,,,,,,,1
199,0,-航天新村逸悠园B栋502--,,,,,,,新村,B栋,,,,,,,,502
200,0,-花果园项目S区2-2-3207--,,,,,,3207,,,,,,,,,花果园,2
201,0,-威清路270号彩苑C栋2单元2室5楼--,,2单元,,,,2室,,C栋,,5楼,,,,,威清路,270号
202,0,-东新路中段鸿基文昌苑B1-16-3号--,,,鸿基文昌苑,,,3号,,,,,,,,,东新路,16
203,0,-云岩区乌金路16号B栋4-6-3--,云岩区,,,,,16号,,B栋,,,,,,,乌金路,4
204,0,-营盘路48号2-2-4--,,,,,,48号,,,,,,,,,营盘路,2
205,0,-新添大道302号上海之春A区1-1-23-4号--,,,上海之春,,,4号,,,,,,,A区,,新添大道,1
206,0,-小河黄河路30号2-7---,,,,,,30号,,,,,,,,,黄河路,2
207,0,-花果园R2区5栋-2-508--,,,,,,508,,5栋,,,,,2区,,花果园,2
208,0,-小河浦江路190号呜琴轩8-5-8--,,,,,,190号,,,,,,,,,河浦江路,8
209,0,-贵阳市茶园村公租房7栋-11-4号--,,,,贵阳市,,4号,茶园村,7栋,,,,,,,,11
210,0,-虎门巷18号1-4--,,,,,,18号,,,,,,,,,虎门巷,1
211,0,-金朱东路399号D5-26-5--,,,,,,399号,,,,,,,,,金朱东路,26
212,0,-市北路148号保利云山国际15-2-8-3号--,,,云山国际,,,3号,,,,,,,,,市北路,15
213,0,-新天卫城4-3-3-3---,,,新天卫城,,,,,,,,,,,,,4
214,0,-晒田巷18号2-2-1--,,,,,,18号,,,,,,,,,晒田巷,2
215,0,-山水黔城一组团1栋-2-2701号--,,,山水黔城,,,2701号,,1栋,,,,,一组团,,,2
216,0,-未来方舟E1组团2栋1-15-6--,,,未来方舟,,,,,2栋,,,,,E1组团,,,1
217,0,-西山巷5-4-15号--,,,,,,15号,,,,,,,,,西山巷,5
218,0,-富源路棚户区B区4-14-12--,,,,,,,,,,,,,B区,,富源路,4
219,0,-花果园J区9栋1-3806--,,,花果园J区,,,3806,,9栋,,,,,,,,1
220,0,-山水黔城九组团4-2-1401号--,,,山水黔城,,,1401号,,,,,,,九组团,,,4
221,0,-贵开路东安新苑2号楼1-26-5号--,,,东安新苑,,,5号,,2号楼,,,,,,,贵开路,1
222,0,-甲秀北路235号7-S15-1-2-13--,,,,,,235号,,,,,,,,,甲秀北路,15
223,0,-未来方舟F7组团4栋1单元1804--,,1单元,未来方舟,,,,,4栋,,,,,F7组团,,,1804
224,0,-市西路250号8栋6单元4-4--,,6单元,,,,250号,,8栋,,,,,,,市西路,4
225,0,-永乐路乐肓巷7-2-5-4--,,,,,,,,,,,,,,,永乐路,7
226,0,-蔡家关贵工路36栋1-2--,,,,,,,,36栋,,,,,,,贵工路,1
227,0,-威清路63号6-5-6--,,,,,,63号,,,,,,,,,威清路,6
228,0,-花果园M区7栋1单元2601--,,1单元,花果园M区,,,,,7栋,,,,,,,,2601
229,0,-北京东路未来方舟G1组团12栋1-9-3号--,,,未来方舟,,,3号,,12栋,,,,,G1组团,,北京东路,1
230,0,-黑土坝养马村安置小区1-1-201号--,,,安置小区,,,201号,养马村,,,,,,,,,1
231,0,-白果巷34号1-5-17--,,,,,,34号,,,,,,,,,白果巷,1
232,0,-一鸣宽城国际小区10栋1-22-3号--,,,一鸣宽城国际,,,3号,,10栋,,,,,,,,1
233,0,-花溪大道中段83号虹祥花郡小区-B2--1-8-4号--,,,虹祥花郡,,,4号,,,,,,,,,花溪大道中段,1
234,0,-三七厂生活区601栋3单元前5号--,,3单元,,,,5号,,,,,,,,,,601
235,0,-贵阳市宝山南路564号10栋1-1--,,,,贵阳市,,564号,,10栋,,,,,,,宝山南路,1
236,0,-螺丝山15栋2-7-4--,,,,,,,,15栋,,,,,,,,2
237,0,-南岳路46号附3号--,,,,,,附3号,,,,,,,,,南岳路,46号
238,0,-海马冲街42号1-3-10--,,,,,,42号,,,,,,,,,海马冲街,1
239,0,-旭东路134-7-14--,,,,,,134,,,,,,,,,旭东路,7
240,0,-建筑巷22号3单元8-22--,,3单元,,,,22号,,,,,,,,,建筑巷,8
241,0,-南冲路17号9栋4单元1-2--,,4单元,,,,17号,,9栋,,,,,,,,1
242,0,-玉田小区2号楼2-1-3--,,,玉田小区,,,,,2号楼,,,,,,,,2
243,0,-山水黔城九组团7-1-904号--,,,山水黔城,,,904号,,,,,,,九组团,,,7
244,0,-501厂179栋2单元204--,,2单元,,,,179,,,,,,,,,,501
245,0,-花果园J区10栋1-802--,,,花果园J区,,,802,,10栋,,,,,,,,1
246,0,-花果园X区4栋2-3401--,,,花果园X区,,,3401,,4栋,,,,,,,,2
247,0,-护国路129号7-8-32---,,,,,,129号,,,,,,,,,护国路,7
248,0,-博爱路24号2-5-42--,,,,,,24号,,,,,,,,,博爱路,2
249,0,-永秀巷15号4-1单元3-9--,,1单元,,,,15号,,,,,,,,,永秀巷,4
250,0,-云岩区翠屏巷41号1-502号--,云岩区,,,,,502号,,,,,,,,,翠屏巷,41号
251,0,-贵乌中路17号1栋2-5-3--,,,,,,17号,,1栋,,,,,,,贵乌中路,2
252,0,-云谭北路中铁阅山湖项目A26栋3-4-1--,,,中铁阅山湖,,,,,A26栋,,,,,,,,3
253,0,-长岭北路8号美的林城时代A46-1-1902--,,,,,,1902,,,,,,,,,长岭北路,8号
254,0,-贵阳云岩区北京东路未来方舟G1-5-1-2704号--,云岩区,,未来方舟,贵阳,,2704号,,,,,,,,,北京东路,5
255,0,-紫薇园C栋2-7-2--,,,,,,,,C栋,,,,,紫薇园,,,2
256,0,-一鸣宽城国际小区11栋1-28-3号--,,,一鸣宽城国际,,,3号,,11栋,,,,,,,,1
257,0,-悦景新城7栋1单元7-3--,,1单元,悦景新城,,,,,7栋,,,,,,,,7
258,0,-宝山北路76号26栋1-401号--,,,,,,401号,,26栋,,,,,,,宝山北路,76号
259,0,-中天会展城B5-10-14-1--,,,中天会展城,,,,,,,,,,,,,10
260,0,-红岩路66号20栋1-6-2--,,,,,,66号,,20栋,,,,,,,红岩路,1
261,0,-新寨路37号3栋-1-6-3号--,,,,,,3号,,3栋,,,,,,,新寨路,37号
262,0,-三桥松坡路康馨园2-1-13-1--,,,康馨园,,,,,,,,,,,,松坡路,2
263,0,-花果园L1区2栋-1-3903--,,,,,,3903,,2栋,,,,,1区,,花果园,1
264,0,-花果园S1区11栋1-4402--,,,,,,4402,,11栋,,,,,1区,,花果园,1
265,0,-宝山北路127号4-901--,,,,,,901,,,,,,,,,宝山北路,127号
266,0,-改茅安置房B10-1-2-1--,,,,,,,,,,,,,,,,10
267,0,-万科城C8栋0507--,,,万科城,,,,,C8栋,,,,,,,,0507
268,0,-沙河花园9-3-8-1--,,,沙河花园,,,,,,,,,,,,,9
269,0,-东山扶风路-扶风花园-1-3-2-1--,,,扶风花园,,,,,,,,,,,,扶风路,1
270,0,-宝山北路180号-吟峰苑-2号楼1-15-3号--,,,吟峰苑,,,3号,,2号楼,,,,,,,宝山北路,180号
271,0,-宝山南路29号2-15--,,,,,,29号,,,,,,,,,宝山南路,2
272,0,-许家巷5号附8号--,,,,,,附8号,,,,,,,,,许家巷,5号
273,0,-花果园项目V区10-2-3805--,,,,,,3805,,,,,,,,,花果园,10
274,0,-环城北路133号--,,,,,,,,,,,,,,,环城北路,133号
275,0,-黔灵山路146号观山小区21-18-2--,,,观山小区,,,146号,,,,,,,,,黔灵山路,21
276,0,-檀溪谷熙苑7-2-3-2--,,,檀溪谷,,,,,,,,,,熙苑,,,7
277,0,-花果园A北区6栋2004室--,,,花果园A北区,,,2004室,,6栋,,,,,,,,
278,0,-沙冲路87号悠然居5B-2-3-2--,,,悠然居,,,87号,,,,,,,,,沙冲路,2
279,0,-花溪大学城C3-20-6号--,,,,,,6号,,,,,,,,,,20
280,0,-三桥北路84号三桥小学教师宿舍2-303号--,,,,,,303号,,,,,,,,,三桥北路,84号
281,0,-荷塘月色D栋1单元2---3--,,1单元,荷塘月色,,,,,D栋,,,,,,,,2
282,0,-观山湖区中天会展城A9组团3栋9层--,观山湖区,,中天会展城,,,,,3栋,,9层,,,A9组团,,,
283,0,-三七厂生活区622栋2单元22室--,,2单元,,,,22室,,,,,,,,,,622
284,0,-花果园U区4-1-1008--,,,,,,1008,,,,,,,,,花果园,4
285,0,-市南路265号--,,,,,,,,,,,,,,,市南路,265号
286,0,-大理石路83号众拓馨苑小a栋10-1-3号--,,,众拓馨苑,,,3号,,,,,,,,,大理石路,83号
287,0,-宅吉路7号4单元-12号--,,4单元,,,,12号,,,,,,,,,宅吉路,7号
288,0,-青山小区41栋2-5-2-5--,,,青山小区,,,,,41栋,,,,,,,,2
289,0,-中坝路保障房C6-1-1--,,,,,,,,,,,,,,,中坝路,1
290,0,-见龙洞路31号2-2-501--,,,,,,501,,,,,,,,,见龙洞路,31号
291,0,-甘荫塘上坝路5-2-6-6--,,,,,,,,,,,,,,,上坝路,5
292,0,-贵阳市宅吉路66号A-1-1-2--,,,,贵阳市,,66号,,,,,,,,,宅吉路,1
293,0,-陕西路四川巷8栋3-8--,,,,,,,,8栋,,,,,,,陕西路,3
294,0,-市南路110号9-1-3-6--,,,,,,110号,,,,,,,,,市南路,9
295,0,-金阳南路7号C3-2-2-1-1--,,,,,,7号,,,,,,,,,金阳南路,2
296,0,-贵乌南路阳光小区B栋-2-2-3号--,,,阳光小区,,,3号,,B栋,,,,,,,贵乌南路,2
297,0,-花果园一期21栋1单元2701--,,1单元,,,,,,21栋,,,,,一期,,花果园,2701
298,0,-东山小区6-1-5-9--,,,东山小区,,,,,,,,,,,,,6
299,0,-观山湖区甲秀北路235号7-A03-1-24-3--,观山湖区,,,,,235号,,,,,,,,,甲秀北路,03
300,0,-百花组团26栋1-7-2--,,,,,,,,26栋,,,,,百花组团,,,1
301,0,-花果园K区1栋1-3508--,,,花果园K区,,,3508,,1栋,,,,,,,,1
302,0,-山水黔城一组团7栋-1-1706号--,,,山水黔城,,,1706号,,7栋,,,,,一组团,,,1
303,0,-未来方舟H2组团2栋1-12-3--,,,未来方舟,,,,,2栋,,,,,H2组团,,,1
304,0,-小河金竹片区鑫中路安置楼左边1-6号--,,,安置楼,,,6号,,,,,,,,,鑫中路,1
305,0,-市西路269号4单元3-9--,,4单元,,,,269号,,,,,,,,,市西路,3
306,0,-甲秀北路235号7-S11-1-负1-5--,,,,,,235号,,,,,,,,,甲秀北路,11
307,0,-花果园项目v区16栋2单元2901--,,2单元,,,,,,16栋,,,,,,,花果园,2901
308,0,-富源路棚户区B区4-12-9--,,,,,,,,,,,,,B区,,富源路,4
309,0,-贵钢宿舍5-5-6-75--,,,贵钢宿舍,,,,,,,,,,,,,5
310,0,-延安西路289号1-3-8--,,,,,,289号,,,,,,,,,延安西路,1
311,0,-保利凤凰湾A1-1-2703--,,,凤凰湾,,,2703,,,,,,,,,,1
312,0,-上河城12-4-310号--,,,上河城,,,310号,,,,,,,,,,12
313,0,-红岩路66号14栋1-3-4--,,,,,,66号,,14栋,,,,,,,红岩路,1
314,0,-机械厂36栋-1-4-1--,,,,,,,,36栋,,,,,,,,1
315,0,-朝阳洞路2号新2栋-3--,,,,,,2号,,2栋,,,,,,,朝阳洞路,3
316,0,-漓江花园A2栋-2-2-5号--,,,漓江花园,,,5号,,A2栋,,,,,,,,2
317,0,-山水黔城11组团4栋2-802--,,,山水黔城,,,802,,4栋,,,,,11组团,,,2
318,0,-花果园R2区5栋-3-3206--,,,,,,3206,,5栋,,,,,2区,,花果园,3
319,0,-美的林城时代A42-1-3-1--,,,,,,,,,,,,,,,,42
320,0,-富水南路会文巷6号附1-2--,,,,,,6号,,,,,,,,,富水南路,1
321,0,-盐务街170号23栋2-6-12--,,,,,,170号,,23栋,,,,,,,盐务街,2
322,0,-南明食品工业园G11-1-10-6--,,,,,,,,,,,,,,,,11
323,0,-花溪大道北段东楼9号2-3-8-23--,,,,,,9号,,,,,,,,,花溪大道北段,2
324,0,-花果园C区5栋1310室--,,,花果园C区,,,1310室,,5栋,,,,,,,,
325,0,-嘉润路73号南岳首座小区1-1-7-3--,,,南岳首座,,,73号,,,,,,,,,嘉润路,1
326,0,-花果园X区7栋1-1708--,,,花果园X区,,,1708,,7栋,,,,,,,,1
327,0,-金阳新区长岭北路会展城A区A3组团7-26-2号--,金阳新区,,会展城A区,,,2号,,,,,,,A3组团,,长岭北路,7
328,0,-长岭北路会展城A区A4组团10-26-2号--,,,会展城A区,,,2号,,,,,,,A4组团,,长岭北路,10
329,0,-山水黔城一组团2-2-705号--,,,山水黔城,,,705号,,,,,,,一组团,,,2
330,0,-黑土坝安置小区15栋2-102号--,,,安置小区,,,102号,,15栋,,,,,,,,2
331,0,-北京东路未来方舟G1组团29栋1-11-1号--,,,未来方舟,,,1号,,29栋,,,,,G1组团,,北京东路,1
332,0,-花果园项目一期2栋1单元3901室--,,1单元,,,,3901室,,2栋,,,,,一期,,花果园,
333,0,-花果园L1区7栋2-1001--,,,,,,1001,,7栋,,,,,1区,,花果园,2
334,0,-花溪大道255号--,,,,,,,,,,,,,,,花溪大道,255号
335,0,-金阳景怡苑10-4-2-601--,,,景怡苑,,,601,,,,,,,,,,10
336,0,-向阳路29号3栋2-6--,,,,,,29号,,3栋,,,,,,,向阳路,2
337,0,-长岭北路会展城A区A3组团5-18-4号--,,,会展城A区,,,4号,,,,,,,A3组团,,长岭北路,5
338,0,-金阳云谭路二甫八组--,,,,,,,,,,,,,,八组,,
339,0,-中天世纪新城七组团A4-5号--,,,中天世纪新城,,,,,,,,,,七组团,,,5号
340,0,-市北路148号保利云山国际8-1-22-1号--,,,云山国际,,,1号,,,,,,,,,市北路,8
341,0,-半边街51号1-1-23--,,,,,,51号,,,,,,,,,半边街,1
342,0,-永乐路169-5-5-12--,,,,,,169,,,,,,,,,永乐路,5
343,0,-贵乌北路20号友谊花园6-2-101--,,,友谊花园,,,101,,,,,,,,,贵乌北路,20号
344,0,-燕山雅筑4-2-2-2--,,,燕山雅筑,,,,,,,,,,,,,4
345,0,-五里冲U区8-2-3805--,,,,,,3805,,,,,,,,,,8
346,0,-护国路尚武小区3-2-7-6--,,,尚武小区,,,,,,,,,,,,护国路,3
347,0,-二桥路172-1-1-16--,,,,,,172,,,,,,,,,二桥路,1
348,0,-花果园A北区9栋503室--,,,花果园A北区,,,503室,,9栋,,,,,,,,
349,0,-花果园项目T2区5-2-2208--,,,,,,2208,,,,,,,2区,,花果园,5
350,0,-春雷路小石城17-1-301号--,,,小石城,,,301号,,,,,,,,,春雷路,17
351,0,-登高路百花巷96-6-5-2-15--,,,,,,,,,,,,,,,百花巷,6
352,0,-陕西路120号2栋1单元--,,1单元,,,,,,2栋,,,,,,,陕西路,120号
353,0,-尖山村90号--,,,,,,,尖山村,,,,,,,,,90号
354,0,-煤矿村大吉巷兴华2号2单元4--,,2单元,,,,2号,煤矿村,,,,,,,,大吉巷,4
355,0,-花果园-C区-12栋-1-1908号--,,,,,,1908号,,12栋,,,,,C区,,花果园,1
356,0,-五里冲U区1-1-1007--,,,,,,1007,,,,,,,,,,1
357,0,-四方河路二期五组团2-3-1003--,,,,,,1003,,,,,,,二期五组团,,四方河路,2
358,0,-箭道街中段--,,,,,,,,,,,,,,,箭道街,
359,0,-未来方舟H4组团4栋1-14-1--,,,未来方舟,,,,,4栋,,,,,H4组团,,,1
360,0,-花溪大道北段798号--,,,,,,,,,,,,,,,花溪大道北段,798号
361,0,-大理石路润丰家园1-1-602号--,,,润丰家园,,,602号,,,,,,,,,大理石路,1
362,0,-小河黄河南路8-1-25--,,,,,,,,,,,,,,,黄河南路,8
363,0,-花果园W区1栋1-1205--,,,花果园W区,,,1205,,1栋,,,,,,,,1
364,0,-青山小区44-10-4号--,,,青山小区,,,4号,,,,,,,,,,44
365,0,-贵钢宿舍11-3-6-50--,,,贵钢宿舍,,,,,,,,,,,,,11
366,0,-花果园项目一期1栋2单元4501室--,,2单元,,,,4501室,,1栋,,,,,一期,,花果园,
367,0,-花溪大道北段234号3-1--,,,,,,234号,,,,,,,,,花溪大道北段,3
368,0,-申胶厂14栋1-4-7--,,,,,,,,14栋,,,,,,,,1
369,0,-甲秀北路235号7-S15-1-1-4--,,,,,,235号,,,,,,,,,甲秀北路,15
370,0,-花果园M区7栋1单元3305--,,1单元,花果园M区,,,,,7栋,,,,,,,,3305
371,0,-中坝路保障房C6-5-2--,,,,,,,,,,,,,,,中坝路,5
372,0,-珠江路208-珠江湾畔X27-1号--,,,珠江湾畔,,,1号,,,,,,,,,珠江路,208
373,0,-金阳长岭南路25号2期2-3-20-2号--,,,,,,2号,,,,,,,2期,,长岭南路,2
374,0,-三桥北路--,,,,,,,,,,,,,,,三桥北路,
375,0,-金阳南路11号万科悦城8栋1702--,,,万科悦城,,,1702,,8栋,,,,,,,金阳南路,11号
376,0,-花果园一期20栋1单元1401--,,1单元,,,,,,20栋,,,,,一期,,花果园,1401
377,0,-东山达兴小区9栋2单元4-1--,,2单元,,,,,,9栋,,,,,,,,4
378,0,-二桥路172-2-19--,,,,,,172,,,,,,,,,二桥路,2
379,0,-花果园X区1栋2-3904--,,,花果园X区,,,3904,,1栋,,,,,,,,2
380,0,-溪山御景13-2-1-2--,,,溪山御景,,,,,,,,,,,,,13
381,0,-山水黔城一组团4栋-1-904号--,,,山水黔城,,,904号,,4栋,,,,,一组团,,,1
382,0,-花果园项目Q区8栋-3-2203--,,,,,,2203,,8栋,,,,,,,花果园,3
383,0,-水东路红岩村4-1-27-4--,,,,,,,红岩村,,,,,,,,水东路,1
384,0,-松涛苑11栋2单元2-6-12--,,2单元,松涛苑,,,,,11栋,,,,,,,,2
385,0,-珠江路德盛园小区C1-2-801--,,,德盛园,,,801,,,,,,,,,珠江路,2
386,0,-五里冲R1区3栋3-4202--,,,,,,4202,,3栋,,,,,1区,,,3
387,0,-金阳新区西南路碧波苑10-1-4-1--,金阳新区,,碧波苑,,,,,,,,,,,,,10
388,0,-庙冲路9号14栋4-4-1号--,,,,,,1号,,14栋,,,,,,,庙冲路,9号
389,0,-黄岭路-天海青城-81栋2-1-2--,,,天海青城,,,,,81栋,,,,,,,黄岭路,2
390,0,-宝山南路146号3-6-9--,,,,,,146号,,,,,,,,,宝山南路,3
391,0,-花果园W区-7栋-1-2009--,,,花果园W区,,,2009,,7栋,,,,,,,,1
392,0,-清水江路西工厂宿舍301-2-5--,,,西工厂宿舍,,,301,,,,,,,,,清水江路,2
393,0,-中天花园三期B区B1-4-B6栋1层19号--,,,中天花园,,,19号,,B6栋,,1层,,,三期,,,4
394,0,-花溪大道北段560号A-4-6-2--,,,,,,560号,,,,,,,,,花溪大道北段,4
395,0,-国际城H4组团2号楼3105--,,,国际城,,,,,2号楼,,,,,H4组团,,,3105
396,0,-天骄豪园-4单元门面--,,4单元,天骄豪园,,,,,,,,,,,,,
397,0,-黄山冲小区1-2-7-20--,,,黄山冲小区,,,,,,,,,,,,,1
398,0,-13栋3-301--,,,,,,301,,13栋,,,,,,,,3
399,0,-长岭北路会展城A区A7组团4-16-6号--,,,会展城A区,,,6号,,,,,,,A7组团,,长岭北路,4
400,0,-贵阳市新华路70号6-1-5--,,,,贵阳市,,70号,,,,,,,,,新华路,6
401,0,-长岭北路金融二期A3组团5-10-1--,,,,,,,,,,,,,二期,,长岭北路,5
402,0,-花果园一期11栋2-3205号--,,,,,,3205号,,11栋,,,,,一期,,花果园,2
403,0,-金顶山14栋2单元4-10--,,2单元,,,,,,14栋,,,,,,,,4
404,0,-保利溪湖28-2-8-1--,,,,,,,,,,,,,,,,28
405,0,-金阳上寨村拆迁安置房E4-1-2-2号--,,,,,,2号,上寨村,,,,,,,,,1
406,0,-红岩路水岸金都-12-1-6-3号--,,,水岸金都,,,3号,,,,,,,,,红岩路,12
407,0,-花果园项目V区14-2-409--,,,,,,409,,,,,,,,,花果园,14
408,0,-花果园W区-2栋-2-3906--,,,花果园W区,,,3906,,2栋,,,,,,,,2
409,0,-清水江路西工厂宿舍322-1-6--,,,西工厂宿舍,,,322,,,,,,,,,清水江路,1
410,0,-赖头冲安置房B区2号楼3M-403--,,,,,,,,2号楼,,,,,B区,,,403
411,0,-沙冲南路209号6-1-4--,,,,,,209号,,,,,,,,,沙冲南路,6
412,0,-延安西路289号4-5-4--,,,,,,289号,,,,,,,,,延安西路,4
413,0,-兴关北巷14号2栋2-4-8--,,,,,,14号,,2栋,,,,,,,兴关北巷,2
414,0,-八鸽岩路119号8-3--,,,,,,119号,,,,,,,,,八鸽岩路,8
415,0,-东山路30号2-4-1号--,,,,,,1号,,,,,,,,,东山路,30号
416,0,-花果园L1区2栋-3-1704--,,,,,,1704,,2栋,,,,,1区,,花果园,3
417,0,-营盘路49号5-48--,,,,,,49号,,,,,,,,,营盘路,5
418,0,-金阳上寨村拆迁安置房E2-7-4-2号--,,,,,,2号,上寨村,,,,,,,,,7
419,0,-中天世纪新城11组团A8-1-4-1号--,,,中天世纪新城,,,1号,,,,,,,11组团,,,1
420,0,-花果园T1区2栋1单元605--,,1单元,,,,,,2栋,,,,,1区,,花果园,605
421,0,-宝山南路564号4-1-12--,,,,,,564号,,,,,,,,,宝山南路,4
422,0,-花果园-C区-12栋-1-3905号--,,,,,,3905号,,12栋,,,,,C区,,花果园,1
423,0,-上河城7号楼3单元607室--,,3单元,上河城,,,607室,,7号楼,,,,,,,,
424,0,-登高路百花巷11-2-5-10--,,,,,,,,,,,,,,,百花巷,11
425,0,-保利一期别墅T13-5---,,,,,,,,,,,,,一期,,,13
426,0,-花果园W区13栋3-506--,,,花果园W区,,,506,,13栋,,,,,,,,3
427,0,-花果园M区-14栋-2-4306--,,,花果园M区,,,4306,,14栋,,,,,,,,2
428,0,-南明区纺织巷42-1-2-4---,南明区,,,,,,,,,,,,,,纺织巷,1
429,0,-云岩区协合巷32号-4--,云岩区,,,,,32号,,,,,,,,,协合巷,4
430,0,-黔灵山路146号观山小区3-12-1--,,,观山小区,,,146号,,,,,,,,,黔灵山路,3
431,0,-南明食品工业园G3栋1-13-4--,,,,,,,,G3栋,,,,,,,,1
432,0,-观山湖区甲秀北路235号7-A13-1-8-3--,观山湖区,,,,,235号,,,,,,,,,甲秀北路,13
433,0,-中渝第一城D1地块D8-6-2--,,,中渝第一城,,,,,,,,,,,,,6
434,0,-未来方舟G6组团2栋-1-24-1--,,,未来方舟,,,,,2栋,,,,,G6组团,,,1
435,0,-阁老巷2号C-4-5-1--,,,,,,2号,,,,,,,,,阁老巷,4
436,0,-林木巷11-1-3号--,,,,,,3号,,,,,,,,,林木巷,11
437,0,-小河区黄河路45号1-5--,小河区,,,,,45号,,,,,,,,,黄河路,1
438,0,-中坝路保障房C9-7-7--,,,,,,,,,,,,,,,中坝路,7
439,0,-山水黔城一组团7栋-1-903号--,,,山水黔城,,,903号,,7栋,,,,,一组团,,,1
440,0,-华阳家属区39-2-2--,,,,,,,,,,,,,,,,39
441,0,-沙冲路87号悠然居12-1-5-3--,,,悠然居,,,87号,,,,,,,,,沙冲路,12
442,0,--碧水云天-天韵阁2-4-2-3--,,,碧水云天,,,,,,,,,,天韵阁,,,2
443,0,-东新区路23-53号28-3-6-2--,,,,,,53号,,,,,,,,,东新区路,28
444,0,-三七厂生活区622栋1单元1室--,,1单元,,,,1室,,,,,,,,,,622
445,0,-老北门12-1-4--,,,,,,,,,,,,,,,,12
446,0,-花果园M区-9栋-1-2905--,,,花果园M区,,,2905,,9栋,,,,,,,,1
447,0,-花果园A南区4栋2702室--,,,花果园A南区,,,2702室,,4栋,,,,,,,,
448,0,-花果园J区6栋3-3606--,,,花果园J区,,,3606,,6栋,,,,,,,,3
449,0,-蛮坡宅吉路88号C-2-1-2--,,,,,,88号,,,,,,,,,宅吉路,2
450,0,-美的林城时代A42-2-23-3--,,,,,,,,,,,,,,,,42
451,0,-金竹镇鑫中路106号门面--,,,,,,,,,,,,金竹镇,,,鑫中路,106号
452,0,-花溪大道南段2708号贵大38栋2单元242室--,,2单元,,,,242室,,38栋,,,,,,,花溪大道南段,2708号
453,0,-桐木林回迁房50栋1单元1-1--,,1单元,,,,,,50栋,,,,,,,,1
454,0,-花果园项目S区3-2-3409--,,,,,,3409,,,,,,,,,花果园,3
455,0,-野鸭乡金鸭村A3栋4-2-2--,,,,,,,金鸭村,A3栋,,,,,,,,4
456,0,-花果园E区4-908--,,,花果园E区,,,908,,,,,,,,,,4
457,0,-花果园项目T2区2-1-4501--,,,,,,4501,,,,,,,2区,,花果园,2
458,0,-中天花园叠翠谷12-15栋负2层7号--,,,中天花园,,,7号,,15栋,,2层,,,,,,12
459,0,-中天花园叠翠谷A5栋4-5-1号--,,,中天花园,,,1号,,A5栋,,,,,,,,4
460,0,-花果园K区2栋1-4503--,,,花果园K区,,,4503,,2栋,,,,,,,,1
461,0,-花果园项目一期1栋3单元1307室--,,3单元,,,,1307室,,1栋,,,,,一期,,花果园,
462,0,-水东路红岩村11-1-20-6--,,,,,,,红岩村,,,,,,,,水东路,1
463,0,-天骄豪园11单元502--,,11单元,天骄豪园,,,,,,,,,,,,,502
464,0,-南明食品工业园G3栋1-13-9--,,,,,,,,G3栋,,,,,,,,1
465,0,-中曹司水厂后面--,,,,,,,,,,,,,,,,
466,0,-经开区黔江路6-1-703号--,,,,,,703号,,,,,,,,,黔江路,6
467,0,-沙冲路145号1栋2-102--,,,,,,102,,1栋,,,,,,,沙冲路,145号
468,0,-瑞金中路51号1-1-2-4--,,,,,,51号,,,,,,,,,瑞金中路,1
469,0,-五里冲U区5-2-1704--,,,,,,1704,,,,,,,,,,5
470,0,-花果园C区12栋2-3402号--,,,花果园C区,,,3402号,,12栋,,,,,,,,2
471,0,-12组团金麦花园1-3-3-2--,,,金麦花园,,,,,,,,,,12组团,,,1
472,0,-世纪新城四组团A2-1-24-4号--,,,新城,,,4号,,,,,,,四组团,,,1
473,0,-航天新村逸悠园D栋104--,,,,,,,新村,D栋,,,,,,,,104
474,0,-花果园W区5栋1单元3805--,,1单元,花果园W区,,,,,5栋,,,,,,,,3805
475,0,-观府壹号一组团44栋1-25-4--,,,观府壹号,,,,,44栋,,,,,一组团,,,1
476,0,-花果园L1区4栋2-905--,,,,,,905,,4栋,,,,,1区,,花果园,2
477,0,-中天花园御景湾C1-3-201号--,,,中天花园,,,201号,,,,,,,御景湾,,,3
478,0,-花果园J区8栋1-1306--,,,花果园J区,,,1306,,8栋,,,,,,,,1
479,0,-中渝第一城D1地块D7-6-3--,,,中渝第一城,,,,,,,,,,,,,6
480,0,-金阳新区长岭北路会展城A区A1组团2-29-2号--,金阳新区,,会展城A区,,,2号,,,,,,,A1组团,,长岭北路,2
481,0,-观山湖区金朱东路399号13-2-3-4号--,观山湖区,,,,,4号,,,,,,,,,金朱东路,13
482,0,-金顶山33栋5-17--,,,,,,,,33栋,,,,,,,,5
483,0,-花果园J区4栋1-3007--,,,花果园J区,,,3007,,4栋,,,,,,,,1
484,0,-中会北路216号--,,,,,,,,,,,,,,,,216号
485,0,-华宫巷16号4-1-1--,,,,,,16号,,,,,,,,,华宫巷,4
486,0,-阳关小区20-1-1-2--,,,阳关小区,,,,,,,,,,,,,20
487,0,-沙冲路87号悠然居13-1-3-1--,,,悠然居,,,87号,,,,,,,,,沙冲路,13
488,0,-五柳小区C栋2-5-10--,,,五柳小区,,,,,C栋,,,,,,,,2
489,0,-三桥新街康馨园1-3-2--,,,康馨园,,,,,,,,,,,,,1
490,0,-小河龙湾国际5-2-20-1--,,,龙湾国际,,,,,,,,,,,,,5
491,0,-市北路148号11-1-33-4号--,,,,,,4号,,,,,,,,,市北路,11
492,0,-诚信南路-阳光香榭-5栋1-2-1--,,,阳光香榭,,,,,5栋,,,,,,,诚信南路,1
493,0,-黄山冲组团3栋1-7-2--,,,黄山冲,,,,,3栋,,,,,,,,1
494,0,-花果园W区1栋1-1307--,,,花果园W区,,,1307,,1栋,,,,,,,,1
495,0,-南明区新寨路42号E-2-4-1--,南明区,,,,,42号,,,,,,,,,新寨路,2
496,0,-青年路6号贵钢34栋3-5-38号--,,,,,,38号,,34栋,,,,,,,青年路,6号
497,0,-小河盘江路2栋1-8-1号--,,,,,,1号,,2栋,,,,,,,盘江路,1
498,0,-花果园M区9栋3-2508--,,,花果园M区,,,2508,,9栋,,,,,,,,3
499,0,-未来方舟E1组团10栋1-23-1--,,,未来方舟,,,,,10栋,,,,,E1组团,,,1
500,0,-大理石路润丰家园3栋1-303号--,,,润丰家园,,,303号,,3栋,,,,,,,大理石路,1
501,0,-青山小区5栋1单元2-5--,,1单元,青山小区,,,,,5栋,,,,,,,,2
502,0,-贵乌北路187号中大国际广场A3-41-1号--,,,中大国际广场,,,1号,,,,,,,,,贵乌北路,187号
503,0,-白云大道201号32栋2--,,,,,,201号,,32栋,,,,,,,白云大道,2
504,0,-大营路53号3单元-9--,,3单元,,,,53号,,,,,,,,,大营路,9
505,0,-小河盘江路2栋2-13-1号--,,,,,,1号,,2栋,,,,,,,盘江路,2
506,0,-小河龙湾国际6-1-28-2--,,,龙湾国际,,,,,,,,,,,,,6
507,0,-花溪大道北段122号康桥水乡B-3-5号--,,,康桥水乡,,,5号,,,,,,,,,花溪大道北段,122号
508,0,-富源路棚户区B区7栋-5-1--,,,,,,,,7栋,,,,,B区,,富源路,5
509,0,-沙冲南路87号绿苑小区天源居15-2-20-3号--,,,绿苑小区,,,3号,,,,,,,天源居,,沙冲南路,15
510,0,-贵阳市云岩区东山路鱼安新城B组团B22-1-4--,云岩区,,新城,贵阳市,,,,,,,,,B组团,,东山路,22
511,0,-未来方舟F2组团2-1-12-15--,,,未来方舟,,,,,,,,,,F2组团,,,2
512,0,-花溪大道汽车城9-2-4-402--,,,,,,402,,,,,,,,,花溪大道,9
513,0,-山水黔城一组团1栋-2-3401号--,,,山水黔城,,,3401号,,1栋,,,,,一组团,,,2
514,0,-变电基地14-7-1-1--,,,,,,,,,,,,,,,,14
515,0,-五柳小区A栋2-2-3--,,,五柳小区,,,,,A栋,,,,,,,,2
516,0,-东山扶风路25号3-1--,,,,,,25号,,,,,,,,,扶风路,3
517,0,-观山湖区金朱东路399号20-21-3-25号--,观山湖区,,,,,25号,,,,,,,,,金朱东路,20
518,0,-贵开路东安新苑2号楼1-7-4号--,,,东安新苑,,,4号,,2号楼,,,,,,,贵开路,1
519,0,-长岭北路会展城A区A5组团4-32-1号--,,,会展城A区,,,1号,,,,,,,A5组团,,长岭北路,4
520,0,-花果园J区6栋2-3907--,,,花果园J区,,,3907,,6栋,,,,,,,,2
521,0,-三桥北路碧玉园C栋5-3-2--,,,碧玉园,,,,,C栋,,,,,,,三桥北路,5
522,0,-金阳上寨村拆迁安置房C7栋2-6-1号--,,,,,,1号,上寨村,C7栋,,,,,,,,2
523,0,-栖霞小区33栋3-14--,,,栖霞小区,,,,,33栋,,,,,,,,3
524,0,-金阳南路298号睿力上城3-1-13-4号--,,,睿力上城,,,4号,,,,,,,,,金阳南路,3
525,0,-三产区-13078538613--,,,,,,8538,,,,,,,,,,1307
526,0,-环城北路159号1-15--,,,,,,159号,,,,,,,,,环城北路,1
527,0,-新添大道南段289号A栋3-7-2--,,,,,,289号,,A栋,,,,,,,新添大道南段,3
528,0,-海马冲99-宏福苑21栋3-5-2号--,,,,,,2号,,21栋,,,,,,,,99
529,0,-花果园项目V区18-3-3908--,,,,,,3908,,,,,,,,,花果园,18
530,0,-帝景传说D10栋3单元201室--,,3单元,帝景传说,,,201室,,D10栋,,,,,,,,
531,0,-金阳长岭南路25号远大生态风景5-1-5-3号--,,,远大生态风景,,,3号,,,,,,,,,长岭南路,5
532,0,-花果园W2区3栋2-2606--,,,,,,2606,,3栋,,,,,2区,,花果园,2
533,0,-长岭北路会展城A区A8组团1-15-6号--,,,会展城A区,,,6号,,,,,,,A8组团,,长岭北路,1
534,0,-三七厂生活区602栋2单元14室--,,2单元,,,,14室,,,,,,,,,,602
535,0,-市北路148号11-1-21-5号--,,,,,,5号,,,,,,,,,市北路,11
536,0,-保利溪湖4-1-19-3--,,,,,,,,,,,,,,,,4
537,0,-未来方舟E1组团21栋1-2-1--,,,未来方舟,,,,,21栋,,,,,E1组团,,,1
538,0,-金阳新区迎宾东路养马村--,金阳新区,,,,,,养马村,,,,,,,,,
539,0,-青山路国际城F组团8号楼8-2号--,,,国际城,,,2号,,8号楼,,,,,F组团,,青山路,8
540,0,-航天新村悦秀园B栋503--,,,,,,,新村,B栋,,,,,,,,503
541,0,-野鸭乡金鸭村A3栋3-2-2--,,,,,,,金鸭村,A3栋,,,,,,,,3
542,0,-云岩区东山路渔安新城G19-2-501号--,云岩区,,渔安新城,,,501号,,,,,,,,,东山路,19
543,0,-水东路万科玲珑湾小区3-2-12-1号--,,,万科玲珑湾,,,1号,,,,,,,,,水东路,3
544,0,-未来方舟H4组团4栋1-9-1--,,,未来方舟,,,,,4栋,,,,,H4组团,,,1
545,0,-中坝路保障房B1-20-10--,,,,,,,,,,,,,,,中坝路,20
546,0,-二桥黔春路19号A栋1单元-4--,,1单元,,,,19号,,A栋,,,,,,,黔春路,4
547,0,-花果园X区2栋3-2702--,,,花果园X区,,,2702,,2栋,,,,,,,,3
548,0,-油榨街101号澜山壹号E-12-6--,,,澜山壹号,,,101号,,,,,,,,,油榨街,12
549,0,-花果园项目S区12-2-2905--,,,,,,2905,,,,,,,,,花果园,12
550,0,-三桥北路233号2栋3-8--,,,,,,233号,,2栋,,,,,,,三桥北路,3
551,0,-阁老巷2号B-3-501--,,,,,,501,,,,,,,,,阁老巷,2号
552,0,-乐街小区海棠园8-2-20--,,,乐街小区,,,,,,,,,,海棠园,,,8
553,0,-高新区黔灵山路215号1-1-1001号--,,,,,,1001号,,,,,,,,,黔灵山路,215号
554,0,-花果园项目v区9-3-2303--,,,,,,2303,,,,,,,,,花果园,9
555,0,-阳关安置房8号楼2-1902--,,,,,,1902,,8号楼,,,,,,,,2
556,0,-万科城C12栋2906--,,,万科城,,,,,C12栋,,,,,,,,2906
557,0,-龙洞堡航空物流园7-2-3--,,,,,,,,,,,,,,,,7
558,0,-改茶路78路C3-18-5--,,,,,,,,,,,,,,,改茶路,78
559,0,-花果园B南区9栋-1806号--,,,花果园B南区,,,,,9栋,,,,,,,,1806号
560,0,--大兴星城-比华利B8栋2-4-3--,,,比华利,,,,,B8栋,,,,,,,,2
561,0,-花果园R2区4栋2-2902--,,,,,,2902,,4栋,,,,,2区,,花果园,2
562,0,-北新区路88号2-14--,,,,,,88号,,,,,,,,,北新区路,2
563,0,-百花山路金狮小区巫峰组团入口高层1号楼2-3-3号--,,,金狮小区,,,3号,,1号楼,,,,,巫峰组团,,百花山路,2
564,0,-贵医附院12栋2-407号--,,,,,,407号,,12栋,,,,,,,,2
565,0,-栖霞小区20栋1-7---,,,栖霞小区,,,,,20栋,,,,,,,,1
566,0,-南明区兴隆17号--,南明区,,,,,,,,,,,,,,,17号
567,0,-花果园J区13栋-2-3401--,,,花果园J区,,,3401,,13栋,,,,,,,,2
568,0,-贵定路9栋3单元10室--,,3单元,,,,10室,,9栋,,,,,,,贵定路,
569,0,-青山路99号贵阳国际城H1组团5号楼1902号--,,,国际城,贵阳,,1902号,,5号楼,,,,,H1组团,,青山路,99号
570,0,-城基路220号1-14--,,,,,,220号,,,,,,,,,城基路,1
571,0,-瑞金北路261号1栋2-8-15--,,,,,,261号,,1栋,,,,,,,瑞金北路,2
572,0,-青山路99号贵阳国际城H2组团6号楼1401号--,,,国际城,贵阳,,1401号,,6号楼,,,,,H2组团,,青山路,99号
573,0,-盐务街166号2--,,,,,,166号,,,,,,,,,盐务街,2
574,0,-花果园一期11栋1-3503号--,,,,,,3503号,,11栋,,,,,一期,,花果园,1
575,0,-吉林村石灰窑贵大安置房C2-2-8--,,,,,,,吉林村,,,,,,,石灰窑,,2
576,0,-中天花园旁罗家坡--,,,中天花园,,,,,,,,,,,,罗家坡,
577,0,-中坝路保障房C2-12-13--,,,,,,,,,,,,,,,中坝路,12
578,0,-水井巷1号7-28--,,,,,,1号,,,,,,,,,水井巷,7
579,0,-扁井巷11号1-7-1--,,,,,,11号,,,,,,,,,扁井巷,1
580,0,-3栋4-5-1--,,,,,,,,3栋,,,,,,,,4
581,0,-花溪御院8-2-2-2--,,,花溪御院,,,,,,,,,,,,,8
582,0,-金阳窦官公租房建设工程18栋20-10--,,,,,,,,18栋,,,,,,,,20
583,0,-永安寺街121号--,,,,,,,,,,,,,,,永安寺街,121号
584,0,-长岭北路会展城A区A1组团1-19-2号--,,,会展城A区,,,2号,,,,,,,A1组团,,长岭北路,1
585,0,-观水路65号3-1-402--,,,,,,402,,,,,,,,,观水路,65号
586,0,-贵阳市云岩区东山路渔安新城B组团B21-15-3--,云岩区,,渔安新城,贵阳市,,,,,,,,,B组团,,东山路,21
587,0,-高新区黔灵山路215号1-1-1601号--,,,,,,1601号,,,,,,,,,黔灵山路,215号
588,0,-余家巷9号2-3--,,,,,,9号,,,,,,,,,余家巷,2
589,0,-新寨路37号1-1-7-1号--,,,,,,1号,,,,,,,,,新寨路,1
590,0,-花果园R1区10栋1-1202--,,,,,,1202,,10栋,,,,,1区,,花果园,1
591,0,-富水南路211号1单元8-1--,,1单元,,,,211号,,,,,,,,,富水南路,8
592,0,-金阳长岭南路25号2期2-2-13-3号--,,,,,,3号,,,,,,,2期,,长岭南路,2
593,0,-金阳长岭南路58号国电金海城3-1-2003号--,,,,,,2003号,,,,,,,,,长岭南路,58号
594,0,-四喜巷98号--,,,,,,,,,,,,,,,四喜巷,98号
595,0,-花果园B南区10栋-4411号--,,,花果园B南区,,,,,10栋,,,,,,,,4411号
596,0,-白云大道247-1号36-2-3-2--,,,,,,1号,,,,,,,,,白云大道,36
597,0,-富源北路19号12栋-22--,,,,,,19号,,12栋,,,,,,,富源北路,22
598,0,-富源路棚户区B区4-30-13--,,,,,,,,,,,,,B区,,富源路,4
599,0,-金朱东路399号1-1-22-1--,,,,,,399号,,,,,,,,,金朱东路,1
600,0,-箭道南巷9号3-8-36--,,,,,,9号,,,,,,,,,箭道南巷,3
601,0,-中天花园御景湾C19-2-402号--,,,中天花园,,,402号,,,,,,,御景湾,,,19
602,0,-黄河路418号2号楼B栋4单元2楼1室--,,4单元,,,,1室,,2号楼,,2楼,,,,,黄河路,418号
603,0,-沙冲南路最空间小区A栋17-6号--,,,最空间,,,6号,,A栋,,,,,,,沙冲南路,17
604,0,-小河盘江路2栋2-8-4号--,,,,,,4号,,2栋,,,,,,,盘江路,2
605,0,-花溪大学城B10-1-3号--,,,,,,3号,,,,,,,,,,10
606,0,-贵惠路141号4-9--,,,,,,141号,,,,,,,,,贵惠路,4
607,0,-老北门三道坎26栋2-3-2--,,,,,,,,26栋,,,,,,,,2
608,0,-小河金竹片区鑫中路安置楼267号1-2-2号--,,,安置楼,,,2号,,,,,,,,,鑫中路,267号
609,0,-花果园E6-3-408--,,,,,,408,,,,,,,,,花果园,3
610,0,-桐木岭村桐宝寺路口--,,,,,,,桐木岭村,,,,,,,,,
611,0,-帝景传说C4栋3单元202室--,,3单元,帝景传说,,,202室,,C4栋,,,,,,,,
612,0,-观山湖区甲秀北路235号7-A06-1-14-7--,观山湖区,,,,,235号,,,,,,,,,甲秀北路,06
613,0,-机械厂19-2-3-3--,,,,,,,,,,,,,,,,19
614,0,-花果园项目V区9-3-604--,,,,,,604,,,,,,,,,花果园,9
615,0,-三桥北路225号1-10--,,,,,,225号,,,,,,,,,三桥北路,1
616,0,-金阳新区会展东路B栋-7-12--,金阳新区,,,,,,,B栋,,,,,,,会展东路,7
617,0,-花果园项目V区13-1-2304--,,,,,,2304,,,,,,,,,花果园,13
618,0,-黔灵山路146号观山小区11-13-2--,,,观山小区,,,146号,,,,,,,,,黔灵山路,11
619,0,-贵乌北路187号中大国际广场B1-38-3号--,,,中大国际广场,,,3号,,,,,,,,,贵乌北路,187号
620,0,-小河清水江路153号南山高地2-1-3-1--,,,南山高地,,,153号,,,,,,,,,清水江路,2
621,0,-宅吉路335号麻冲路21号附1号--,,,,,,21号,,,,,,,,,宅吉路,335号
622,0,-观水路东坛巷38号4-1--,,,,,,38号,,,,,,,,,观水路,4
623,0,-海马冲街2号营盘小区13栋1-2--,,,营盘小区,,,2号,,13栋,,,,,,,海马冲街,1
624,0,-白云大道196号4-6-17--,,,,,,196号,,,,,,,,,白云大道,4
625,0,-飞行街20号4栋4-3-5--,,,,,,20号,,4栋,,,,,,,飞行街,4
626,0,-花果园一期6栋2-1902号--,,,,,,1902号,,6栋,,,,,一期,,花果园,2
627,0,-红岩路78号C-5-2-5-1--,,,,,,78号,,,,,,,,,红岩路,5
628,0,-花果园W区12栋3-505--,,,花果园W区,,,505,,12栋,,,,,,,,3
629,0,-泉城首府B-7-8--,,,泉城首府,,,,,,,,,,,,,7
630,0,-未来方舟F2组团2-1-5-8--,,,未来方舟,,,,,,,,,,F2组团,,,2
631,0,-北京东路未来方舟F6组团2栋-2-31-3号--,,,未来方舟,,,3号,,2栋,,,,,F6组团,,北京东路,2
632,0,-园亭山D栋1-1--,,,,,,,,D栋,,,,,,,,1
633,0,-金阳窦官公租房建设工程1栋24-8--,,,,,,,,1栋,,,,,,,,24
634,0,-湿地阳光花园12栋606--,,,阳光花园,,,,,12栋,,,,,,,,606
635,0,-花果园X区8栋3-3801--,,,花果园X区,,,3801,,8栋,,,,,,,,3
636,0,-花果园W区13栋-1-708--,,,花果园W区,,,708,,13栋,,,,,,,,1
637,0,-新添大道南段187-号银佳花园8-2-502号--,,,银佳花园,,,502号,,,,,,,,,新添大道南段,187
638,0,-北京路241号付9号11栋2-5-5号--,,,,,,9号,,11栋,,,,,,,北京路,241号
639,0,-未来方舟E1组团17栋1-27-1--,,,未来方舟,,,,,17栋,,,,,E1组团,,,1
640,0,-四方河路二期五组团5-3-1001--,,,,,,1001,,,,,,,二期五组团,,四方河路,5
641,0,-花果园U区4栋2单元1506--,,2单元,,,,,,4栋,,,,,,,花果园,1506
642,0,-花果园A北区5栋1005室--,,,花果园A北区,,,1005室,,5栋,,,,,,,,
643,0,-遵义路71号2-201--,,,,,,201,,,,,,,,,遵义路,71号
644,0,-大城小户3栋3单元9-3--,,3单元,,,,,,3栋,,,,,大城小户,,,9
645,0,-白云大道203号28栋1-12--,,,,,,203号,,28栋,,,,,,,白云大道,1
646,0,-花果园U区12栋2单元2603--,,2单元,,,,,,12栋,,,,,,,花果园,2603
647,0,-慈庵巷4号-23--,,,,,,4号,,,,,,,,,慈庵巷,23
648,0,-幸福里2-12栋2-301--,,,幸福里,,,301,,12栋,,,,,,,,2
649,0,-百花山路公安小区30号2-2-2-3号--,,,公安小区,,,3号,,,,,,,,,百花山路,2
650,0,-安云路3号6栋6-16--,,,,,,3号,,6栋,,,,,,,安云路,6
651,0,-水东路红岩村9-1-24-8--,,,,,,,红岩村,,,,,,,,水东路,1
652,0,-花果园W区-9栋-1-1601--,,,花果园W区,,,1601,,9栋,,,,,,,,1
653,0,-中坝路保障房A2-16-3--,,,,,,,,,,,,,,,中坝路,16
654,0,-花果园T1区7栋2单元1203--,,2单元,,,,,,7栋,,,,,1区,,花果园,1203
655,0,-飞山街200号附9号--,,,,,,附9号,,,,,,,,,飞山街,200号
656,0,-中坝路保障房D8-15-8--,,,,,,,,,,,,,,,中坝路,15
657,0,-甘荫塘上坝路4-3-3-4--,,,,,,,,,,,,,,,上坝路,4
658,0,-燕山雅筑2-1-16-1--,,,燕山雅筑,,,,,,,,,,,,,2
659,0,-金阳窦官公租房建设工程6-23-1--,,,,,,,,,,,,,,,,6
660,0,-金朱东路399号3-1-5-3--,,,,,,399号,,,,,,,,,金朱东路,3
661,0,-花果园一期6栋1-4104号--,,,,,,4104号,,6栋,,,,,一期,,花果园,1
662,0,-弯弓街85号--,,,,,,,,,,,,,,,弯弓街,85号
663,0,-青云路284号3-3-29--,,,,,,284号,,,,,,,,,青云路,3
664,0,-花果园-C区-19栋-1-3209号--,,,,,,3209号,,19栋,,,,,C区,,花果园,1
665,0,-金融SOHO-1东二塔18层20号--,,,,,,20号,,,,18层,,,,,,1
666,0,-乐街樱花园2号楼2单元4室--,,2单元,樱花园,,,4室,,2号楼,,,,,,,,
667,0,-宝山南路576号贵钢5栋2-3-51号--,,,,,,51号,,5栋,,,,,,,宝山南路,576号
668,0,-黔春路10号贵龙园1栋门面-8--,,,贵龙园,,,10号,,1栋,,,,,,,黔春路,8
669,0,-桐木林回迁房A1栋4单元2-1--,,4单元,,,,,,A1栋,,,,,,,,2
670,0,-云岩区三桥新街18号3号楼B-4-5-10--,云岩区,,,,,18号,,3号楼,,,,,,,,4
671,0,-新寨路37号3栋-4-5-2号--,,,,,,2号,,3栋,,,,,,,新寨路,37号
672,0,-关山安置区33-1-1001--,,,,,,1001,,,,,,,,,,33
673,0,-花果园T2区2-2-801--,,,,,,801,,,,,,,2区,,花果园,2
674,0,-宅吉35栋庆丰路2-2-4--,,,,,,,,35栋,,,,,,,庆丰路,2
675,0,-观府壹号二组团2栋1-5-5--,,,观府壹号,,,,,2栋,,,,,二组团,,,1
676,0,-蟠桃宫月亮岩路33号银辉花园9-3-301--,,,,,,301,,,,,,,,,月亮岩路,33号
677,0,-矿灯厂17栋1-10---,,,,,,,,17栋,,,,,,,,1
678,0,-电建巷28-1-2-6--,,,,,,,,,,,,,,,电建巷,28
679,0,-花果园W区11栋3单元1509--,,3单元,花果园W区,,,,,11栋,,,,,,,,1509
680,0,-未来方舟E1组团14栋1-24-1--,,,未来方舟,,,,,14栋,,,,,E1组团,,,1
681,0,-护国路尚武小区2-3-1-1-1--,,,尚武小区,,,,,,,,,,,,护国路,3
682,0,-花果园R1区11栋-1-203--,,,,,,203,,11栋,,,,,1区,,花果园,1
683,0,-岳英街51号7-20--,,,,,,51号,,,,,,,,,岳英街,7
684,0,-蛮坡世纪园二期e-f组团24栋1-4-3--,,,蛮坡世纪园,,,,,24栋,,,,,二期,,,1
685,0,-山水黔城8组团4栋3-1802--,,,山水黔城,,,1802,,4栋,,,,,8组团,,,3
686,0,-未来方舟H3组团2栋1-2号--,,,未来方舟,,,2号,,2栋,,,,,H3组团,,,1
687,0,-太慈桥黄岭路79-83天海青城16楼4-2-3--,,,天海青城,,,,,,,16楼,,,,,黄岭路,4
688,0,-保利溪湖5-1-7-3--,,,,,,,,,,,,,,,,5
689,0,-金阳南路289号睿力上城9-1-11-1号--,,,睿力上城,,,1号,,,,,,,,,金阳南路,9
690,0,-山水黔城一组团6栋-1-2303号--,,,山水黔城,,,2303号,,6栋,,,,,一组团,,,1
691,0,-尖山18栋3-2-2--,,,,,,,,18栋,,,,,,,,3
692,0,-北京路205号9栋5-7--,,,,,,205号,,9栋,,,,,,,北京路,5
693,0,-永秀巷15号1单元--,,1单元,,,,,,,,,,,,,永秀巷,15号
694,0,-金阳新区石林路300号A54栋1-101号--,金阳新区,,,,,101号,,A54栋,,,,,,,石林路,300号
695,0,-蛮坡二期兴合家园25楼2-9-4--,,,兴合家园,,,,,,,25楼,,,二期,,,2
696,0,-申胶厂11栋1-1-2--,,,,,,,,11栋,,,,,,,,1
697,0,-未来方舟F11组团1栋1-23层清洁用水--,,,未来方舟,,,,,1栋,,23层,,,F11组团,,,1
698,0,-清水江路211号-大星兴城-哥伦布C10-2-1-2--,,,哥伦布,,,211号,,,,,,,,,清水江路,10
699,0,-市北路148号保利云山国际13-3-24-3号--,,,云山国际,,,3号,,,,,,,,,市北路,13
700,0,-太乙巷88号4-6-3--,,,,,,88号,,,,,,,,,太乙巷,4
701,0,-三桥北路碧玉园C栋3-2-1--,,,碧玉园,,,,,C栋,,,,,,,三桥北路,3
702,0,-吉祥路35号4-8-1--,,,,,,35号,,,,,,,,,吉祥路,4
703,0,-青山路中国铁建国际城C组团2-1-2001号--,,,中国铁建国际城,,,2001号,,,,,,,C组团,,青山路,2
704,0,-城基路138号1-13--,,,,,,138号,,,,,,,,,城基路,1
705,0,-未来方舟H3组团2栋1-25-2--,,,未来方舟,,,,,2栋,,,,,H3组团,,,1
706,0,-金阳长岭北路美的林城时代E2-1405号--,,,,,,,,,,,,,,,长岭北路,1405号
707,0,-美的A26-1-3003号--,,,,,,3003号,,,,,,,,,,26
708,0,-花果园项目Q-2-1-2708--,,,,,,2708,,,,,,,,,花果园,2
709,0,-碧水人家5-11-1---,,,碧水人家,,,,,,,,,,,,,5
710,0,-红岩路78号A-4-4-6-4--,,,,,,78号,,,,,,,,,红岩路,4
711,0,-巫峰路8-3-3-11--,,,,,,,,,,,,,,,巫峰路,8
712,0,-登高路百花巷9-2-3-2--,,,,,,,,,,,,,,,百花巷,9
713,0,-狮峰路44号-1--,,,,,,44号,,,,,,,,,狮峰路,1
714,0,-阳关小区15-1-7-2--,,,阳关小区,,,,,,,,,,,,,15
715,0,-市北路148号保利云山国际1栋2单元17楼水井房取水点--,,2单元,云山国际,,,,,1栋,,17楼,,,,,市北路,148号
716,0,-保利溪湖6-2-10-2--,,,,,,,,,,,,,,,,6
717,0,-未来方舟E1组团21栋1-22-3--,,,未来方舟,,,,,21栋,,,,,E1组团,,,1
718,0,-花果园项目S1区9-2-3801--,,,,,,3801,,,,,,,1区,,花果园,9
719,0,-新寨路37号5栋-7-3号--,,,,,,3号,,5栋,,,,,,,新寨路,37号
720,0,-花果园S区5栋2单元3803--,,2单元,花果园S区,,,,,5栋,,,,,,,,3803
721,0,-花果园T1区2单元2702--,,2单元,,,,,,,,,,,1区,,花果园,2702
722,0,-花果园K区1栋1-1409--,,,花果园K区,,,1409,,1栋,,,,,,,,1
723,0,-沙冲南路87号绿苑小区天源居7-A栋1-8-2号--,,,绿苑小区,,,2号,,A栋,,,,,天源居,,沙冲南路,1
724,0,-陕西路7号3单元--,,3单元,,,,,,,,,,,,,陕西路,7号
725,0,-省府东街8号2单元-12--,,2单元,,,,8号,,,,,,,,,省府东街,12
726,0,-花果园W区7栋2单元2709--,,2单元,花果园W区,,,,,7栋,,,,,,,,2709
727,0,-护国路153号--,,,,,,,,,,,,,,,护国路,153号
728,0,-小河清水江路香港城8号楼5单元7楼1室--,,5单元,香港城,,,1室,,8号楼,,7楼,,,,,清水江路,
729,0,-花果园项目Q-2-3-1601--,,,,,,1601,,,,,,,,,花果园,2
730,0,-护国路尚武小区1-3-3-1-2--,,,尚武小区,,,,,,,,,,,,护国路,3
731,0,-金波路120号新村3栋1-29号--,,,,,,29号,新村,3栋,,,,,,,金波路,120号
732,0,-三桥改茶大道恒大名都12-楼-17-2号--,,,恒大名都,,,2号,,,,,,,,,改茶大道,12
733,0,-观山湖区云潭南路635号1-4-3号--,观山湖区,,,,,3号,,,,,,,,,云潭南路,635号
734,0,-金阳新区二铺拆迁安置房一期3-3-602号--,金阳新区,,,,,602号,,,,,,,一期,,,3
735,0,-清溪路花建公司3单元702--,,3单元,,,,,,,,,,,,,清溪路,702
736,0,-花果园C区6栋1808室--,,,花果园C区,,,1808室,,6栋,,,,,,,,
737,0,-解五小区18栋3单元7-13--,,3单元,解五小区,,,,,18栋,,,,,,,,7
738,0,-通衢街84号2栋5-2-2--,,,,,,84号,,2栋,,,,,,,通衢街,5
739,0,-凤凰路45号商住楼D栋2单元5楼3室--,,2单元,,,,3室,,D栋,,5楼,,,,,凤凰路,45号
740,0,-兴关南巷3号1-2-4--,,,,,,3号,,,,,,,,,兴关南巷,1
741,0,-山水黔城一组团3-1-3002号--,,,山水黔城,,,3002号,,,,,,,一组团,,,3
742,0,-贵阳市茶园村公租房5栋-6-5号--,,,,贵阳市,,5号,茶园村,5栋,,,,,,,,6
743,0,-富水中路4号--,,,,,,,,,,,,,,,富水中路,4号
744,0,-金融二期A3组团长岭阳光13栋10层--,,,长岭阳光,,,,,13栋,,10层,,,二期,,,
745,0,-桃花园A栋5-1-1--,,,,,,,,A栋,,,,,桃花园,,,5
746,0,-盐务街光贵路2号3-3-6--,,,,,,2号,,,,,,,,,盐务街,3
747,0,-堰塘街3号2单元6-16--,,2单元,,,,3号,,,,,,,,,堰塘街,6
748,0,-经济区开发大道109号翁岩小区1号楼-2-11-2号--,,,,,,2号,,1号楼,,,,,,,开发大道,109号
749,0,-二七路17号1栋4单元708--,,4单元,,,,708,,1栋,,,,,,,二七路,17号
750,0,-石林东路300号逸都国际C5-1-22-1号--,,,逸都国际,,,1号,,,,,,,,,石林东路,300号
751,0,-东山路支路渔安新城D组团D5栋1-602--,,,渔安新城,,,602,,D5栋,,,,,D组团,,东山路,1
752,0,-登高路百花巷10-2-5-2--,,,,,,,,,,,,,,,百花巷,10
753,0,-金阳碧海红湖14栋2-5-2--,,,,,,,,14栋,,,,,碧海红湖,,,2
754,0,-红岩路水岸金都33-1-14-1号--,,,水岸金都,,,1号,,,,,,,,,红岩路,33
755,0,-刺梨巷60栋4单元7室--,,4单元,,,,7室,,60栋,,,,,,,刺梨巷,
756,0,-二桥五柳街F栋3-3-1--,,,,,,,,F栋,,,,,,,五柳街,3
757,0,-体肓路8号3栋2-4--,,,,,,8号,,3栋,,,,,,,,2
758,0,-金龙国际花园28号楼1-4-2--,,,金龙国际花园,,,,,28号楼,,,,,,,,1
759,0,-黄金路64号4-1-7--,,,,,,64号,,,,,,,,,黄金路,4
760,0,-南明区粑粑街5号1栋1单元3-6--,南明区,1单元,,,,5号,,1栋,,,,,,,粑粑街,3
761,0,-花果园L1区2栋-2-701--,,,,,,701,,2栋,,,,,1区,,花果园,2
762,0,-万科城C2号楼2809--,,,万科城,,,,,C2号楼,,,,,,,,2809
763,0,-南岳路9号4栋3单元--,,3单元,,,,,,4栋,,,,,,,南岳路,9号
764,0,-市北巷4号1单元16室--,,1单元,,,,16室,,,,,,,,,市北巷,4号
765,0,-上河城3号楼6单元505室--,,6单元,上河城,,,505室,,3号楼,,,,,,,,
766,0,-长江路乐街小区松竹园G-4--,,,乐街小区,,,,,,,,,,竹园,,长江路,4
767,0,-大理石路83号众拓馨苑小a栋2-负1-2号--,,,众拓馨苑,,,2号,,,,,,,,,大理石路,2
768,0,-绿湾国际B1栋2单元14-4--,,2单元,绿湾国际,,,,,B1栋,,,,,,,,14
769,0,-花果园J区10栋2-1102--,,,花果园J区,,,1102,,10栋,,,,,,,,2
770,0,-花果园J区8栋1-1602--,,,花果园J区,,,1602,,8栋,,,,,,,,1
771,0,-永安寺街9号梦想典城D1-17-4--,,,梦想典城,,,9号,,,,,,,,,永安寺街,17
772,0,-解五小区7栋2单元5-7--,,2单元,解五小区,,,,,7栋,,,,,,,,5
773,0,-花果园A南区5栋2707室--,,,花果园A南区,,,2707室,,5栋,,,,,,,,
774,0,-中坝路保障房A1-14-6--,,,,,,,,,,,,,,,中坝路,14
775,0,-北京东路未来方舟F6组团3栋-2-21-3号--,,,未来方舟,,,3号,,3栋,,,,,F6组团,,北京东路,2
776,0,-麻冲路9号2栋4-1-1--,,,,,,9号,,2栋,,,,,,,麻冲路,4
777,0,-花果园R1区9栋4027--,,,,,,,,9栋,,,,,1区,,花果园,4027
778,0,-中天会展城B3-7-10-1--,,,中天会展城,,,,,,,,,,,,,7
779,0,-三桥南路8号1-1-3-5--,,,,,,8号,,,,,,,,,三桥南路,1
780,0,-北京路104号3-1-501--,,,,,,501,,,,,,,,,北京路,104号
781,0,-永乐路7号2-2-5--,,,,,,7号,,,,,,,,,永乐路,2
782,0,-花果园项目V区14-1-4307--,,,,,,4307,,,,,,,,,花果园,14
783,0,-云岩区延安北巷B栋1-5-4-18008518030--,云岩区,,,,,180,,B栋,,,,,,,延安北巷,5
784,0,-红岩路水岸金都45-1-8-4号--,,,水岸金都,,,4号,,,,,,,,,红岩路,45
785,0,-圣泉流云花园20号2-402--,,,圣泉流云,,,402,,,,,,,,,,20号
786,0,-乐育巷10号2-8--,,,,,,10号,,,,,,,,,乐育巷,2
787,0,-玉田巷58号64栋1-4-6--,,,,,,58号,,64栋,,,,,,,玉田巷,1
788,0,-花果园M区14栋1单元3707--,,1单元,花果园M区,,,,,14栋,,,,,,,,3707
789,0,-贵钢虹桥小区4-1-1-2--,,,虹桥小区,,,,,,,,,,,,,4
790,0,-小河区长江路方源小区3-4-304号--,小河区,,方源小区,,,304号,,,,,,,,,长江路,3
791,0,-华阳家属区48-2-402--,,,,,,402,,,,,,,,,,48
792,0,-沙河三期6栋2-3-1--,,,,,,,,6栋,,,,,三期,,,2
793,0,-花果园A北区3栋3207室--,,,花果园A北区,,,3207室,,3栋,,,,,,,,
794,0,-南明区纺织巷8-1-5-11---,南明区,,,,,,,,,,,,,,纺织巷,1
795,0,-二桥路42号B1-4-1--,,,,,,42号,,,,,,,,,二桥路,4
796,0,-万科悦城3号楼1403--,,,万科悦城,,,,,3号楼,,,,,,,,1403
797,0,-康城花园C1-2-1--,,,康城花园,,,,,,,,,,,,,2
798,0,-上板幸福小区3-2-3--,,,幸福小区,,,,,,,,,,,,,3
799,0,-山水黔城九组团6-2-202号--,,,山水黔城,,,202号,,,,,,,九组团,,,6
800,0,-大理石路83号众拓馨苑小a栋2-6-2号--,,,众拓馨苑,,,2号,,,,,,,,,大理石路,83号
801,0,-东山路渔安新城B10-32-2--,,,渔安新城,,,,,,,,,,,,东山路,10
802,0,-五里冲U区12-1-4209--,,,,,,4209,,,,,,,,,,12
803,0,-万江小区10-2-7-2--,,,万江小区,,,,,,,,,,,,,10
804,0,-长岭北路会展城A区A5组团3-16-3号--,,,会展城A区,,,3号,,,,,,,A5组团,,长岭北路,3
805,0,-普陀路变维小区156号C栋-1-101--,,,变维小区,,,101,,C栋,,,,,,,普陀路,156号
806,0,-长岭北路会展城A区A2组团3-14-3号--,,,会展城A区,,,3号,,,,,,,A2组团,,长岭北路,3
807,0,-观府壹号二组团1栋1-4-4--,,,观府壹号,,,,,1栋,,,,,二组团,,,1
808,0,-甲秀北路235号7-A02-1-7-15--,,,,,,235号,,,,,,,,,甲秀北路,02
809,0,-体肓路8号2栋2-13--,,,,,,8号,,2栋,,,,,,,,2
810,0,-花果园T2区3-2-401--,,,,,,401,,,,,,,2区,,花果园,3
811,0,-花果园项目v区16-1-802--,,,,,,802,,,,,,,,,花果园,16
812,0,-花果园X区7栋1-3306--,,,花果园X区,,,3306,,7栋,,,,,,,,1
813,0,-北京东路未来方舟G1组团26栋1-22-1号--,,,未来方舟,,,1号,,26栋,,,,,G1组团,,北京东路,1
814,0,-长岭北路中天会展城A9-8-1202号--,,,中天会展城,,,1202号,,,,,,,,,长岭北路,8
815,0,-尚善御景2栋10层3---,,,尚善御景,,,,,2栋,,10层,,,,,,3
816,0,-交易路8号--,,,,,,,,,,,,,,,交易路,8号
817,0,-遵义街8号5-402--,,,,,,402,,,,,,,,,遵义街,8号
818,0,-黄河路418号2号楼B栋1单元5楼6室--,,1单元,,,,6室,,2号楼,,5楼,,,,,黄河路,418号
819,0,-金狮小区顺海苑31楼3-3-3号--,,,金狮小区,,,3号,,,,31楼,,,,,,3
820,0,-花果园T1区10栋2单元1408--,,2单元,,,,,,10栋,,,,,1区,,花果园,1408
821,0,-青山路国际城B组团4号楼4-2号--,,,国际城,,,2号,,4号楼,,,,,B组团,,青山路,4
822,0,-金阳下麦巷湾塘壹期25栋-1-6-2号--,,,,,,2号,,25栋,,,,,,,,1
823,0,-友谊路258号百灵尚品一号B2-20-1号--,,,百灵尚品一号,,,1号,,,,,,,,,友谊路,258号
824,0,-金阳红街A7-1-4--,,,,,,,,,,,,,,,金阳红街,1
825,0,-三桥改茶路54号大发小区5-1-4-2号--,,,大发小区,,,2号,,,,,,,,,改茶路,5
826,0,-春雷路小石城11-1-6-2号--,,,小石城,,,2号,,,,,,,,,春雷路,11
827,0,-花果园T1区6栋2单元802--,,2单元,,,,,,6栋,,,,,1区,,花果园,802
828,0,-花果园W区7栋3单元2803--,,3单元,花果园W区,,,,,7栋,,,,,,,,2803
829,0,-金阳长岭南路58号国电金海城1栋2-704号--,,,,,,704号,,1栋,,,,,,,长岭南路,58号
830,0,-东山路渔安新城B组团B13-28-1--,,,渔安新城,,,,,,,,,,B组团,,东山路,13
831,0,-金竹片区鑫中路金苑小区A4栋值班室--,,,金苑小区,,,,,A4栋,,,,,,,鑫中路,
832,0,-未来方舟H1组团8栋1-27-3--,,,未来方舟,,,,,8栋,,,,,H1组团,,,1
833,0,-花果园项目T2区-1-1-3902--,,,,,,3902,,,,,,,2区,,花果园,1
834,0,-旭东路300号12栋1-6--,,,,,,300号,,12栋,,,,,,,旭东路,1
835,0,-花果园M区6栋2-2401--,,,花果园M区,,,2401,,6栋,,,,,,,,2
836,0,-鲤鱼街44号--,,,,,,,,,,,,,,,鲤鱼街,44号
837,0,-花果园X区7-3-3008--,,,花果园X区,,,3008,,,,,,,,,,7
838,0,-南浦路11号5栋1单元501--,,1单元,,,,501,,5栋,,,,,,,南浦路,11号
839,0,-花果园W区14栋2-705--,,,花果园W区,,,705,,14栋,,,,,,,,2
840,0,-新北门22栋3-1-3--,,,,,,,,22栋,,,,,,,,3
841,0,-东山路渔安新城B组团B13-12-1--,,,渔安新城,,,,,,,,,,B组团,,东山路,13
842,0,-贵阳市花溪大学城C4-26-8--,,,,贵阳市,,,,,,,,,,,,26
843,0,-金阳新区长岭北路会展城A区A4组团2-5-3号--,金阳新区,,会展城A区,,,3号,,,,,,,A4组团,,长岭北路,2
844,0,-玉溪路12号移动公司宿舍2栋-2-7-21号--,,,,,,21号,,2栋,,,,,,,玉溪路,12号
845,0,-新寨路37号5栋-204号--,,,,,,204号,,5栋,,,,,,,新寨路,37号
846,0,-花溪大道北段122号康桥水乡C-17-5号--,,,康桥水乡,,,5号,,,,,,,,,花溪大道北段,122号
847,0,-花果园J区6栋2-1204--,,,花果园J区,,,1204,,6栋,,,,,,,,2
848,0,-金阳长岭南路58号国电金海城4-1-303号--,,,,,,303号,,,,,,,,,长岭南路,58号
849,0,-万江新区3--8-4---,,,万江新区,,,,,,,,,,,,,3
850,0,-云谭南路B43-2-18-2--,,,,,,,,,,,,,,,云谭南路,43
851,0,-五里冲U区2-2-3804--,,,,,,3804,,,,,,,,,,2
852,0,-花果园一期17栋1单元2702--,,1单元,,,,,,17栋,,,,,一期,,花果园,2702
853,0,-碧海乾图9-6-1-304--,,,碧海乾图,,,304,,,,,,,,,,9
854,0,-石林东路300号逸都国际C4-1-25-2号--,,,逸都国际,,,2号,,,,,,,,,石林东路,300号
855,0,-花溪大道83号A3-1-5-6号--,,,,,,6号,,,,,,,,,花溪大道,83号
856,0,-花果园项目v区2-1-2706--,,,,,,2706,,,,,,,,,花果园,2
857,0,-中坝路保障房C5-24-11--,,,,,,,,,,,,,,,中坝路,24
858,0,-未来方舟F4组团1栋3单元603--,,3单元,未来方舟,,,,,1栋,,,,,F4组团,,,603
859,0,-沙冲南路87号绿苑小区天源居15-1-21-5号--,,,绿苑小区,,,5号,,,,,,,天源居,,沙冲南路,15
860,0,-未来方舟H2组团11栋1-29-2--,,,未来方舟,,,,,11栋,,,,,H2组团,,,1
861,0,-四合院小区1单元702--,,1单元,四合院小区,,,,,,,,,,,,,702
862,0,-巫峰路3-2-7-14--,,,,,,,,,,,,,,,巫峰路,3
863,0,-金关巷24-4-1号--,,,,,,1号,,,,,,,,,金关巷,24
864,0,-未来方舟F7组团1栋1单元1512--,,1单元,未来方舟,,,,,1栋,,,,,F7组团,,,1512
865,0,-永安寺街9号梦想典城A栋2-9-4--,,,梦想典城,,,9号,,A栋,,,,,,,永安寺街,2
866,0,-金阳窦官公租房建设工程8栋9-5--,,,,,,,,8栋,,,,,,,,9
867,0,-未来方舟D12组团C栋1-19-3--,,,未来方舟,,,,,C栋,,,,,D12组团,,,1
868,0,-中坝路保障房B5-3-8--,,,,,,,,,,,,,,,中坝路,3
869,0,-云岩区未来方舟F9组团3-1-32-1号--,云岩区,,未来方舟,,,1号,,,,,,,F9组团,,,3
870,0,-贵阳市茶园村公租房11-20-6号--,,,,贵阳市,,6号,茶园村,,,,,,,,,11
871,0,-花果园R2区5栋-3-1504--,,,,,,1504,,5栋,,,,,2区,,花果园,3
872,0,-鲤鱼街112号2-8--,,,,,,112号,,,,,,,,,鲤鱼街,2
873,0,-山水黔城七组团11栋1-1101号--,,,山水黔城,,,1101号,,11栋,,,,,七组团,,,1
874,0,-贵阳市旭东路大吉巷33号--,,,,贵阳市,,,,,,,,,,,旭东路,33号
875,0,-金阳新区长岭北路会展城A区A4组团3-15-2号--,金阳新区,,会展城A区,,,2号,,,,,,,A4组团,,长岭北路,3
876,0,-中天会展城B3-2-19-3--,,,中天会展城,,,,,,,,,,,,,2
877,0,-花果园一期3栋-1-504号--,,,,,,504号,,3栋,,,,,一期,,花果园,1
878,0,-甘荫塘上坝路1-2-5-5--,,,,,,,,,,,,,,,上坝路,1
879,0,-浣沙巷205号3-6--,,,,,,205号,,,,,,,,,浣沙巷,3
880,0,--碧水云天-水漪阁1-7-6-1--,,,碧水云天,,,,,,,,,,水漪阁,,,1
881,0,-花果园T1区4栋2单元406--,,2单元,,,,,,4栋,,,,,1区,,花果园,406
882,0,-燕山雅筑9-1-4-2--,,,燕山雅筑,,,,,,,,,,,,,9
883,0,-玉田小区24栋2-6-1--,,,玉田小区,,,,,24栋,,,,,,,,2
884,0,-保利凤凰湾A4-1-1904--,,,凤凰湾,,,1904,,,,,,,,,,1
885,0,-八鸽岩路73号8栋3-9--,,,,,,73号,,8栋,,,,,,,八鸽岩路,3
886,0,-小河清水江路153号南山高地18-4-4-1--,,,南山高地,,,153号,,,,,,,,,清水江路,18
887,0,-花果园L2区11栋1-3404--,,,,,,3404,,11栋,,,,,2区,,花果园,1
888,0,-花果园-C区-12栋-1-3302号--,,,,,,3302号,,12栋,,,,,C区,,花果园,1
889,0,-铁五机械厂宿舍3-2-2--,,,,,,,,,,,,,,,,3
890,0,-未来方舟E1组团11栋1-6-1--,,,未来方舟,,,,,11栋,,,,,E1组团,,,1
891,0,-头桥路231-2-8--,,,,,,231,,,,,,,,,头桥路,2
892,0,-甲秀北路235号7-A09-1-14-13--,,,,,,235号,,,,,,,,,甲秀北路,09
893,0,-云岩区金仓路60号2-6-4--,云岩区,,,,,60号,,,,,,,,,金仓路,2
894,0,-城市魔方五组团26栋3单元10-5--,,3单元,城市魔方,,,,,26栋,,,,,五组团,,,10
895,0,-珠江路66号瑞和花园10-1-3-2--,,,,,,66号,,,,,,,,,珠江路,10
896,0,-护国路尚武小区1-2-3-7-2--,,,尚武小区,,,,,,,,,,,,护国路,2
897,0,-朝阳洞路100-23-47--1-1-付2号--,,,,,,2号,,,,,,,,,朝阳洞路,47
898,0,-三桥改茶大道恒大名都12-楼-29-3号--,,,恒大名都,,,3号,,,,,,,,,改茶大道,12
899,0,-玉田坝29栋3单元3-1--,,3单元,玉田坝,,,,,29栋,,,,,,,,3
900,0,-万江小区21栋2-4-3--,,,万江小区,,,,,21栋,,,,,,,,2
901,0,-山水黔城一组团1栋-1-2402号--,,,山水黔城,,,2402号,,1栋,,,,,一组团,,,1
902,0,-中天会展城A2组团1-21-4号--,,,中天会展城,,,4号,,,,,,,A2组团,,,1
903,0,-花果园J区6栋1-809--,,,花果园J区,,,809,,6栋,,,,,,,,1
904,0,-花果园L1区4栋3-1303--,,,,,,1303,,4栋,,,,,1区,,花果园,3
905,0,-花果园M区11栋1-4104--,,,花果园M区,,,4104,,11栋,,,,,,,,1
906,0,-相宝新村11栋1单元6-12--,,1单元,相宝新村,,,,,11栋,,,,,,,,6
907,0,-新建路8号1单元401--,,1单元,,,,401,,,,,,,,,新建路,8号
908,0,-文昌北路大兴公寓7-8-3--,,,大兴公寓,,,,,,,,,,,,文昌北路,7
909,0,-碧桂园林湖五街10号--,,,碧桂园,,,,,,,,,,,,,10号
910,0,-青年路127号东宝15号楼1-3-2--,,,东宝,,,127号,,15号楼,,,,,,,青年路,1
911,0,-福田巷4号6-11--,,,,,,4号,,,,,,,,,福田巷,6
912,0,-沙河花园9栋2单元8楼1室--,,2单元,沙河花园,,,1室,,9栋,,8楼,,,,,,
913,0,-保利溪湖2-1-29-1--,,,,,,,,,,,,,,,,2
914,0,-长岭北路会展城A区A3组团11-8-3号--,,,会展城A区,,,3号,,,,,,,A3组团,,长岭北路,11
915,0,-老北门三道坎25栋3-6-2--,,,,,,,,25栋,,,,,,,,3
916,0,-观山湖区观府壹号二组团7栋1-20-1号--,观山湖区,,观府壹号,,,1号,,7栋,,,,,二组团,,,1
917,0,-吉林村石灰窑贵大安置房B4-3-3--,,,,,,,吉林村,,,,,,,石灰窑,,3
918,0,-青云路206号2-9-35--,,,,,,206号,,,,,,,,,青云路,2
919,0,-宝山北路180号-吟峰苑-2号楼1-6-10号--,,,吟峰苑,,,10号,,2号楼,,,,,,,宝山北路,180号
920,0,-富源南路291号7栋4-6--,,,,,,291号,,7栋,,,,,,,富源南路,4
921,0,-保利A区27栋1-202---,,,,,,202,,27栋,,,,,A区,,,1
922,0,-云深巷B栋4单元6-1--,,4单元,,,,,,B栋,,,,,,,,6
923,0,-沙冲南路最空间小区C栋27-2号--,,,最空间,,,2号,,C栋,,,,,,,沙冲南路,27
924,0,-山水黔城九组团2-2-1806号--,,,山水黔城,,,1806号,,,,,,,九组团,,,2
925,0,-花果园W区4栋1单元3806--,,1单元,花果园W区,,,,,4栋,,,,,,,,3806
926,0,-南明区甘平路北侧花溪大道中段69号D-2-8-5号--,南明区,,,,,5号,,,,,,,,,花溪大道中段,2
927,0,-新添大道南段183号3-5-1--,,,,,,183号,,,,,,,,,新添大道南段,3
928,0,-新添大道302号上海之春A区5栋1-25-3号--,,,上海之春,,,3号,,5栋,,,,,A区,,新添大道,302号
929,0,-小河长江路399号自在城5-1-2502号--,,,,,,2502号,,,,,,,,,长江路,399号
930,0,-万科大都会16栋11-3--,,,万科大都会,,,,,16栋,,,,,,,,11
931,0,-农科院3号桂香路春晖苑1-1-10-4--,,,农科院,,,3号,,,,,,,春晖苑,,桂香路,1
932,0,-文化路115号2-2-1-2--,,,,,,115号,,,,,,,,,文化路,2
933,0,-北京路241号5栋1-8-1号--,,,,,,1号,,5栋,,,,,,,北京路,241号
934,0,-遵义路312号C栋3-1-2--,,,,,,312号,,C栋,,,,,,,遵义路,3
935,0,-沙坝路8号A-1-4-7--,,,,,,8号,,,,,,,,,沙坝路,1
936,0,-花果园J区7栋3-1808--,,,花果园J区,,,1808,,7栋,,,,,,,,3
937,0,-金狮小区顺海苑30楼1-10-1号--,,,金狮小区,,,1号,,,,30楼,,,,,,1
938,0,-观山湖区中天会展城A区A10组团8-2-2号--,观山湖区,,中天会展城A区,,,2号,,,,,,,A10组团,,,8
939,0,-护国路129号附1号--,,,,,,附1号,,,,,,,,,护国路,129号
940,0,-花果园T1区2栋2单元1604--,,2单元,,,,,,2栋,,,,,1区,,花果园,1604
941,0,-鹿冲关路69号沙河花园3期9-1-1-2--,,,沙河花园,,,69号,,,,,,,3期,,鹿冲关路,9
942,0,-老北门9栋11-4-2--,,,,,,,,9栋,,,,,,,,11
943,0,-中坝路保障房C1-26-2--,,,,,,,,,,,,,,,中坝路,26
944,0,-青山路99号贵阳国际城H1组团3号楼604号--,,,国际城,贵阳,,604号,,3号楼,,,,,H1组团,,青山路,99号
945,0,-蛮坡二期兴合家园23楼1-6-2--,,,兴合家园,,,,,,,23楼,,,二期,,,1
946,0,-贵阳市云岩区东山路渔安新城B组团B9-27-1--,云岩区,,渔安新城,贵阳市,,,,,,,,,B组团,,东山路,27
947,0,-花溪大道北段560号新王府7-1-43-3--,,,新王府,,,560号,,,,,,,,,花溪大道北段,7
948,0,-大理石路83号众拓馨苑小a栋4-3-1号--,,,众拓馨苑,,,1号,,,,,,,,,大理石路,83号
949,0,-花果园M区10栋1-1304--,,,花果园M区,,,1304,,10栋,,,,,,,,1
950,0,-11组团金麦花园1-1-5-2--,,,金麦花园,,,,,,,,,,11组团,,,1
951,0,-南岳路17号4栋3单元17室--,,3单元,,,,17室,,4栋,,,,,,,南岳路,17号
952,0,-花溪大道北段42号3栋1单元510室--,,1单元,,,,510室,,3栋,,,,,,,花溪大道北段,42号
953,0,-贵阳市金阳新区会展东路D栋-4-1--,金阳新区,,,贵阳市,,,,D栋,,,,,,,会展东路,4
954,0,-中天会展城B5-11-15-2--,,,中天会展城,,,,,,,,,,,,,11
955,0,-世纪园小区7栋2单302号--,,,世纪园小区,,,302号,,7栋,,,,,,,,2
956,0,-万科金域华府A15-1-1905号--,,,万科金域华府,,,1905号,,,,,,,,,,15
957,0,-花果园T2区4-1-806--,,,,,,806,,,,,,,2区,,花果园,4
958,0,-桃园路13号D栋3单元6-18--,,3单元,,,,13号,,D栋,,,,,,,桃园路,6
959,0,-北京路未来方舟F1-3-1-11-1--,,,未来方舟,,,,,,,,,,,,北京路,3
960,0,-上板幸福小区8-10-4--,,,幸福小区,,,,,,,,,,,,,8
961,0,-永安巷32号22-1--,,,,,,32号,,,,,,,,,永安巷,22
962,0,-青山小区49栋3-4-2--,,,青山小区,,,,,49栋,,,,,,,,3
963,0,-北京路银海元隆广场4号楼1-31-5号--,,,银海元隆广场,,,5号,,4号楼,,,,,,,北京路,1
964,0,-栖霞小区33栋1-2--,,,栖霞小区,,,,,33栋,,,,,,,,1
965,0,-沙冲路87号雅然居17-4-负2-1--,,,雅然居,,,87号,,,,,,,,,沙冲路,4
966,0,-花果园W区9栋2单元2105--,,2单元,花果园W区,,,,,9栋,,,,,,,,2105
967,0,-绿苑小区天源居16栋1-5-1号--,,,绿苑小区,,,1号,,16栋,,,,,天源居,,,1
968,0,-北京西路金龙星岛国际广场4号楼2-3-5号--,,,金龙星岛国际,,,5号,,4号楼,,,,,,,北京西路,2
969,0,-翁岩公共租赁住房三号地块2-32-7--,,,,,,,,,,,,,,,,2
970,0,-花果园L1区4栋2-2902--,,,,,,2902,,4栋,,,,,1区,,花果园,2
971,0,-凤凰路115号1-2-15-16--,,,,,,115号,,,,,,,,,凤凰路,1
972,0,-花果园-C区-19栋-2-505号--,,,,,,505号,,19栋,,,,,C区,,花果园,2
973,0,-花果园R1区9栋2817--,,,,,,,,9栋,,,,,1区,,花果园,2817
974,0,-金阳-宝安松景阁-5-1-2-2--,,,,,,,,,,,,,宝安松景阁,,,5
975,0,-花果园J区7栋-1-1505--,,,花果园J区,,,1505,,7栋,,,,,,,,1
976,0,-金阳窦官公租房建设工程18栋24-5--,,,,,,,,18栋,,,,,,,,24
977,0,-中坝路保障房C1-13-4--,,,,,,,,,,,,,,,中坝路,13
978,0,-云岩二桥后冲路8号贝地卢加诺小区43-2-9-3号--,,,贝地卢加诺,,,3号,,,,,,,,,后冲路,43
979,0,-黄岭路-天海青城-10栋2-1-2--,,,天海青城,,,,,10栋,,,,,,,黄岭路,2
980,0,-花果园W区5栋1单元906--,,1单元,花果园W区,,,,,5栋,,,,,,,,906
981,0,-花果园W区-2栋-2-3901--,,,花果园W区,,,3901,,2栋,,,,,,,,2
982,0,-花果园项目T2区-1-1-4001--,,,,,,4001,,,,,,,2区,,花果园,1
983,0,-黄河路67号44医院4-303--,,,,,,303,,,,,,,,,黄河路,67号
984,0,-延安南巷10号2单元5-10--,,2单元,,,,10号,,,,,,,,,延安南巷,5
985,0,-水电八局社区6栋1-3-1--,,,,,,,,6栋,,,,,,,,1
986,0,-榕筑小区11栋3单元402--,,3单元,榕筑小区,,,,,11栋,,,,,,,,402
987,0,-一鸣宽城国际小区3栋1-8-6号--,,,一鸣宽城国际,,,6号,,3栋,,,,,,,,1
988,0,-漓江花园B3栋3-3-9--,,,漓江花园,,,,,B3栋,,,,,,,,3
989,0,-长江路淡水巷11号D-3-5-2--,,,,,,11号,,,,,,,,,淡水巷,3
990,0,-花溪大道中段83号虹祥花郡小区B4-1-1-2号--,,,虹祥花郡,,,2号,,,,,,,,,花溪大道中段,83号
991,0,-石洞坡新联小区11-4-3-10--,,,新联小区,,,,,,,,,,,,,11
992,0,-新添大道南段249号1-3-1-1--,,,,,,249号,,,,,,,,,新添大道南段,1
993,0,-富源北路5号2-3-5-10--,,,,,,5号,,,,,,,,,富源北路,2
994,0,-花果园W1区11栋2-1308--,,,,,,1308,,11栋,,,,,1区,,花果园,2
995,0,-花果园项目Q区8栋-3-2408--,,,,,,2408,,8栋,,,,,,,花果园,3
996,0,-山水黔城三组团3号楼907--,,,山水黔城,,,,,3号楼,,,,,三组团,,,907
997,0,-中天会展城B5-6-12-1--,,,中天会展城,,,,,,,,,,,,,6
998,0,-美居苑A52栋1单元2102--,,1单元,,,,,,A52栋,,,,,美居苑,,,2102
999,0,-悦景新城21栋1单元12-4--,,1单元,悦景新城,,,,,21栋,,,,,,,,12
